NM,length,ratio
244,25451,0.00958704962476916
500,14742,0.0339167005833673
580,33140,0.0175015087507544
358,19092,0.0187513094489839
722,22642,0.0318876424344139
805,19925,0.0404015056461731
69,21923,0.00314737946448935
1643,87076,0.0188685745785291
1802,385907,0.00466951882189232
5259,33908,0.155096142503244
479,20918,0.0228989387130701
2164,1250088,0.0017310781320995
417,27685,0.0150623081090843
606,27326,0.0221766815487082
394,29680,0.0132749326145553
117,10793,0.0108403594922635
364,32265,0.0112815744614908
1057,104258,0.0101383107291527
517,143672,0.00359847430257809
120,12516,0.00958772770853308
417,14480,0.0287983425414365
176,24050,0.00731808731808732
1960,746443,0.00262578656374298
182,19032,0.00956284153005464
243,49235,0.00493551335432111
446,30400,0.0146710526315789
358,35332,0.0101324578285973
514,13833,0.0371575218679968
2296,22362,0.102674179411502
2958,1321252,0.00223878563665372
1979,529341,0.00373861083875989
431,16356,0.0263511861090731
62259,2251765,0.0276489775798096
471,20056,0.0234842441164739
265,26375,0.0100473933649289
380,19203,0.0197885747018695
220,15045,0.0146227982718511
3037,2625855,0.00115657566773489
161,17465,0.00921843687374749
2177,1095533,0.00198716058758613
874,417038,0.00209573228338904
285,19216,0.0148313905079101
154756,4113307,0.037623255448718
144,21450,0.00671328671328671
1163,27246,0.0426851647948323
170,17679,0.00961592850274337
4569,2279102,0.00200473695341411
195,101941,0.00191287117057906
160,12411,0.0128917895415357
3778,1936007,0.00195143922516809
346,12281,0.0281736014982493
496,63943,0.00775690849662981
92,21277,0.00432391784556094
380,55627,0.00683121505743614
436,53562,0.00814009932414772
309,37001,0.00835112564525283
612,136169,0.00449441502838385
430,233537,0.00184124999464753
2419,21685,0.111551763892091
755,16908,0.0446534185001183
2133,14444,0.147673774577679
420,8512,0.0493421052631579
456,5296,0.0861027190332326
879,12341,0.0712259946519731
265,5049,0.0524856407209348
1489,12312,0.120938921377518
221,4252,0.0519755409219191
235,3155,0.0744849445324881
4003,63151,0.0633877531630536
1185,16035,0.0739008419083255
2895,29418,0.0984091372629003
708,12677,0.0558491756724777
603,12013,0.050195621410139
977,19170,0.0509650495565989
494,8999,0.0548949883320369
672,10208,0.0658307210031348
524,10005,0.0523738130934533
1201,14523,0.0826964125869311
366,7985,0.045835942391985
613,11883,0.0515862997559539
1358,22014,0.0616880167166349
682,10024,0.0680367118914605
704,11994,0.0586960146740037
690,12075,0.0571428571428571
375,6499,0.0577011847976612
1150,10893,0.105572385935922
501,9996,0.0501200480192077
1868,23547,0.0793307003015246
290,4858,0.0596953478797859
764,13813,0.0553102150148411
2122,20081,0.105672028285444
1544,24741,0.0624065316680813
214,4509,0.0474606342869816
677,11462,0.0590647356482289
805,12803,0.0628758884636413
1966,27795,0.070732146069437
933,12939,0.0721075817296545
2280,23571,0.0967290314369352
1201,19653,0.0611102630641632
1340,20486,0.0654105242604706
1163,16822,0.0691356556889787
505,7126,0.0708672467022172
1683,17511,0.0961110159328422
794,14062,0.0564642298392832
756,13983,0.0540656511478224
1160,16414,0.0706713780918728
9791,80652,0.121398105440659
1948,13532,0.143955069464972
1269,12185,0.104144439885105
667,10572,0.0630911842603103
1084,17861,0.0606908907675942
1559,17548,0.0888420332801459
608,4939,0.123101842478234
4985,54808,0.0909538753466647
5171,44327,0.11665576285334
849,9189,0.0923930786810317
1993,26004,0.076642055068451
644,11313,0.0569256607442765
602,5658,0.106398020501944
1393,10736,0.129750372578241
442,4365,0.101260022909507
2252,21396,0.105253318377267
53,1503,0.0352628077178975
1109,11904,0.0931619623655914
559,61402,0.00910393798247614
276,6457,0.0427443085024005
841,7338,0.114608885254838
215,5346,0.0402169846614291
445,7864,0.056586978636826
579,8453,0.0684963918135573
533,7608,0.0700578338590957
1001,13691,0.0731137243444599
1742,13687,0.127274055673267
314,8944,0.0351073345259392
304,8946,0.0339816677844847
165,8548,0.019302760879738
2072,14650,0.141433447098976
634,10407,0.0609205342557894
222,8055,0.02756052141527
194,8532,0.0227379278012189
358,8305,0.0431065623118603
387,8172,0.0473568281938326
1377,12917,0.106603700549663
297,8668,0.0342639593908629
541,6034,0.0896586012595293
304,7771,0.039119804400978
262,6973,0.0375734977771404
191,7219,0.026457958165951
144,6757,0.0213112327956194
112,6307,0.0177580466148724
116,6304,0.0184010152284264
682,8874,0.0768537299977462
1825,15463,0.118023669404385
166,7199,0.0230587581608557
719,7521,0.0955989894960777
265,7086,0.0373976855771945
427,8035,0.0531425015556938
387,7460,0.0518766756032172
776,10004,0.0775689724110356
276,6637,0.0415850534880217
332,7011,0.0473541577521038
539,6767,0.0796512487069603
520,6152,0.0845253576072822
1785,12054,0.14808362369338
398,7517,0.0529466542503658
811,10373,0.0781837462643401
1322,10709,0.123447567466617
744,9133,0.0814628271104785
454,7146,0.0635320458998041
671,8729,0.076870202772368
181,4457,0.0406102759703837
722,55894,0.0129173077611193
332,20729,0.0160162091755512
3595,76658,0.0468966057032534
505,49210,0.0102621418410892
728,80401,0.00905461374858522
169,52701,0.00320677027001385
34,16985,0.0020017662643509
171,24200,0.00706611570247934
743,24470,0.0303637106661218
105,48470,0.00216628842583041
1177,441199,0.00266773043456581
367,46325,0.00792228818132758
2490,37372,0.0666274215990581
783,23899,0.0327628771078288
93,36991,0.00251412505744641
246,45253,0.00543610368373368
423,13046,0.032423731411927
76,22785,0.00333552775949089
1828,627191,0.00291458263910037
260,13736,0.0189283634245778
755,150622,0.00501254796776035
368,71164,0.00517115395424653
452,43003,0.0105108945887496
82,37911,0.00216296061829021
197,38906,0.00506348635171953
524,13284,0.0394459500150557
252,4790,0.0526096033402923
45,24434,0.0018416959973807
305,78332,0.00389368329673697
223,25262,0.00882748792652997
487,15857,0.0307119883962919
341,40317,0.00845797058312871
207,28654,0.00722412228659175
2557,1457353,0.00175455088780824
454,20895,0.0217276860492941
324,81790,0.00396136446998411
3746,2365922,0.00158331508815591
621,21712,0.0286016949152542
167,24753,0.00674665697087222
138,12148,0.0113598946328614
688,20959,0.0328259936065652
4154,1587657,0.00261643415422853
5521,2397488,0.00230282695888363
627,397892,0.00157580448966051
3068,1369150,0.00224080633969981
171,23535,0.00726577437858509
1214,784761,0.00154696780293618
3781,1237799,0.00305461549088342
721,26469,0.0272394121425063
1726,558283,0.0030916219909974
2723,1124128,0.00242232201315153
752,293960,0.00255817117975235
2151,309281,0.0069548404202004
2518,287867,0.00874709501262736
794,43387,0.018300412565976
1381,634521,0.00217644490883674
1192,25836,0.0461371729369872
183,21255,0.00860973888496824
240,18287,0.0131240772133209
5782,2661270,0.00217264689415204
184,19329,0.00951937503233484
3817,2055679,0.00185680741010634
39421,3516273,0.0112110180296012
622,21342,0.0291444100834036
4889,2393555,0.00204256848077441
2450,1428947,0.00171454924500349
392,117946,0.00332355484713343
563,76371,0.00737190818504406
86,20548,0.00418532217247421
520,79923,0.00650626227744204
81,37694,0.00214888311137051
104,11831,0.00879046572563604
929,427852,0.00217131157503062
1504,327315,0.00459496203962544
213,14518,0.0146714423474308
1736,12359,0.140464438870459
1698,18051,0.0940668107030081
564,3396,0.166077738515901
1925,26326,0.0731216288080225
61,11533,0.00528917020723142
40,10946,0.00365430294171387
229,15862,0.0144370192913882
3219,58588,0.0549429917389227
443,19184,0.0230921601334445
11,16826,0.000653750148579579
766,22621,0.033862340303258
1828,27966,0.0653650861760709
2034,16464,0.123542274052478
773,9496,0.0814026958719461
1354,8055,0.168094351334575
2085,14050,0.148398576512456
611,66863,0.00913808832986854
1513,49127,0.0307977283367598
978,523846,0.00186696090072273
357,103837,0.00343808083823685
803,263819,0.00304375348250126
658,12785,0.0514665623777865
653,15842,0.0412195429869966
1766,997905,0.00176970753729062
2075,87686,0.0236639828478891
578,29212,0.0197863891551417
608,10468,0.0580817730225449
1936,66985,0.0289019929835038
312,10083,0.0309431716750967
176,36919,0.00476719304423197
661,55425,0.0119260261614795
2024,25051,0.0807951778372121
4306,2106422,0.00204422475648279
215,16585,0.0129635212541453
190,16603,0.0114437149912666
883,15506,0.0569456984393138
2552,1304785,0.00195587778829462
497,24883,0.0199734758670578
1108,323241,0.00342778298545048
775,155594,0.00498091186035451
117,562,0.208185053380783
107,597,0.179229480737018
887,550037,0.00161261878746339
759,273443,0.00277571559703485
44,17231,0.00255353722941211
130,48650,0.002672147995889
118,35989,0.00327877962710828
1014,631384,0.00160599571734475
1015,226176,0.00448765563101302
1676,428031,0.00391560424361787
2620,1006747,0.00260244132835757
542,52516,0.0103206641785361
2215,1368332,0.00161875919002114
493,25954,0.0189951452569931
141,34111,0.00413356395297705
150,55065,0.00272405339144647
224,37315,0.0060029478761892
397,33917,0.0117050446678657
436,24917,0.0174980936709877
834,36222,0.0230246811330131
558,226354,0.00246516518373875
2668,204688,0.0130344719768623
138,10682,0.0129189290395057
1276,266435,0.0047891605832567
654,59447,0.0110013962016586
186,58059,0.00320363767891283
340,17360,0.0195852534562212
876,97588,0.00897651350575891
2118,25329,0.0836195665047969
10230,3458092,0.0029582787271131
5746,3506889,0.00163848927068978
3393,2265315,0.00149780494103469
2344,1195456,0.00196075807056052
133221,6093976,0.0218610969258822
576,32291,0.0178377876188412
47164,3536930,0.0133347281399406
3338,1338062,0.00249465271414927
209,21957,0.00951860454524753
12605,1499216,0.00840772777238237
1468,670700,0.00218875801401521
910,26205,0.0347261972905934
5457,2930493,0.00186214401467603
217,15216,0.0142613038906414
158,16634,0.00949861728988818
45632,3260855,0.0139938758393121
413,20251,0.0203940546145869
257,21016,0.0122287780738485
6634,2896454,0.00229038679709742
343,20728,0.0165476649942107
703,79229,0.00887301366923727
675,17370,0.038860103626943
2548,41127,0.0619544338269264
337,30158,0.0111744810663837
622,62165,0.0100056301777528
4217,2805329,0.00150321049687933
201,57970,0.00346731067793686
89,68259,0.00130385736679412
14,11330,0.00123565754633716
171,46534,0.00367473245368978
857,68457,0.0125188074265597
1065,13979,0.0761857071321268
703,13448,0.0522754312908983
1405,22289,0.063035578087846
422,10430,0.0404602109300096
396,11444,0.0346032855644879
438,28310,0.0154715648180855
901,16893,0.0533357011780027
1065,25779,0.041312696380775
1804,39147,0.0460827138733492
385,8579,0.0448770252943233
359,10724,0.0334763148079075
778,14191,0.0548234796702135
459,27844,0.0164847004740698
698,20331,0.0343318085681964
234,31318,0.00747174149051664
300,9967,0.0300993277816795
272,22626,0.012021568107487
450,21893,0.0205545151418262
598,21739,0.0275081650489903
137,14138,0.00969019663318715
643,8329,0.077200144074919
1898,19826,0.0957328760213861
1015,14860,0.0683041722745626
700,13456,0.0520214030915577
575,8036,0.0715530114484818
1300,18736,0.0693851409052092
399,8936,0.0446508504923903
198,26357,0.00751223583867663
295,40613,0.0072636840420555
1033,9281,0.111302661351148
836,10399,0.0803923454178286
1714,21523,0.0796357385122892
1690,31824,0.0531045751633987
662,16857,0.0392715192501631
10188,55746,0.182757507265095
3207,49774,0.0644312291557841
617,8705,0.0708788052843194
1009,47685,0.0211596938240537
609,13730,0.0443554260742899
287,11083,0.0258955156546062
638,14298,0.0446216254021542
2122,63166,0.0335940221004971
295,20453,0.0144233119835721
2197,1574784,0.00139511196456149
259,29550,0.00876480541455161
240,23999,0.0100004166840285
3454,2334033,0.00147984197309978
2376,722125,0.0032902890773758
2300,1367089,0.00168240692449431
300,34531,0.0086878457038603
2227,51111,0.0435718338518127
304,24135,0.0125958152061322
194,24168,0.00802714333002317
343,24100,0.0142323651452282
982,23965,0.0409764239515961
198,23984,0.00825550366911274
246,25273,0.00973370790962687
215,22855,0.00940713191861737
43894,4297963,0.0102127449677906
2247,1108278,0.00202746964209341
3857,28937,0.133289560078792
5106,167466,0.0304897710580058
952,23332,0.0408023315618035
773,29537,0.0261705657311169
1039,29741,0.0349349383006624
677,12594,0.0537557567095442
430,11490,0.0374238468233246
3667,64156,0.0571575534634329
4287,580679,0.00738273641719435
1223,23486,0.0520735757472537
870,21504,0.0404575892857143
1179,440374,0.0026772697752365
289,27987,0.0103262228891986
222,20162,0.0110108124194028
544,22423,0.0242608036391205
2091,563982,0.0037075651350575
155,27847,0.0055661292060186
818,46301,0.0176670050322887
215,18676,0.011512101092311
4936,1183249,0.00417156490307619
1156,76988,0.015015327063958
6743,2212535,0.00304763540463767
3864,1774942,0.00217697254332818
3662,1792294,0.00204319157459658
217,23951,0.00906016450252599
332,27821,0.0119334315804608
784,19775,0.039646017699115
3399,1663555,0.00204321468181094
95,407,0.233415233415233
2477,43569,0.0568523491473295
484,18092,0.0267521556489056
1520,46409,0.0327522678790752
580,34582,0.016771730958302
604,33853,0.0178418456266801
817,28874,0.0282953522199903
2073,25811,0.0803145945527101
1486,19345,0.0768157146549496
1286,27761,0.046323979683729
1816,36801,0.0493464851498601
493,21591,0.0228335880691029
2336,19453,0.120084305762607
172,18680,0.00920770877944326
338,15614,0.0216472396567183
450,16424,0.0273989283974671
734,12333,0.0595151220303251
363,11579,0.0313498575006477
497,10555,0.0470866887730933
418,13048,0.0320355610055181
421,6162,0.0683219733852645
287,10102,0.0284102157988517
347,11152,0.0311154949784792
1039,11321,0.0917763448458617
302,6332,0.0476942514213519
1856,18718,0.0991558927235816
1491,30302,0.0492046729588806
377,18404,0.0204846772440774
471,8933,0.0527258479794022
511,18939,0.0269813612123132
325,11542,0.0281580315369953
1289,39256,0.0328357448542898
327,30777,0.0106248172336485
967,21698,0.0445663194764494
416,23062,0.0180383314543405
693,20712,0.0334588644264195
2275,37830,0.0601374570446735
494,22245,0.022207237581479
1233,15216,0.0810331230283912
218,10093,0.0215991281085901
345,10620,0.0324858757062147
421,8259,0.0509746942729144
793,16692,0.0475077881619938
549,10821,0.0507346825616856
1123,12850,0.0873929961089494
446,10203,0.0437126335391552
2426,52733,0.0460053476949918
777,24101,0.0322393261690386
10909,96697,0.112816323153769
1558,27470,0.0567164179104478
1366,17794,0.0767674497021468
1146,12008,0.0954363757495003
1847,30079,0.0614049669204428
4361,55217,0.0789792998533061
2924,1161585,0.00251725013666671
479,20592,0.0232614607614608
231,25029,0.00922929401893803
645,22330,0.028884908195253
3170,869325,0.00364650734765479
148,19136,0.00773411371237458
1151,52413,0.0219602007135634
260,22160,0.0117328519855596
24321,2208036,0.0110147660635968
463,24791,0.0186761324674277
2945,1847432,0.00159410468152549
221,26541,0.0083267397611243
443,22209,0.0199468683866901
846,136914,0.00617906130855866
967,405883,0.00238245996999135
8724,4088422,0.00213383060750578
1907,456361,0.00417870939891884
6332,3310002,0.00191298978067083
1257,72587,0.017317150453938
2274,1767603,0.00128648797269523
2112,998695,0.00211475976148874
304,9231,0.0329325100205828
114,25879,0.0044051161173152
3915,1691538,0.0023144617501942
69,16421,0.00420193654466841
3184,893950,0.0035617204541641
398,15310,0.0259960809928152
3548,849592,0.00417612218570796
1454,119012,0.0122172554028165
1893,66207,0.0285921428247768
685,84077,0.00814729355233893
409,38423,0.0106446659552872
278,2305,0.12060737527115
284,2163,0.131299121590384
264,2171,0.121602947950253
5,1813,0.00275785990071704
384,18061,0.0212612812136648
3169,1115430,0.00284105681217109
352,16205,0.0217216908361617
19211,2222656,0.00864326283509459
4386,1514421,0.00289615635282395
2348,453370,0.00517899287557624
1623,27480,0.059061135371179
1047,25807,0.0405703878792576
628,24222,0.0259268433655355
139,18637,0.00745828191232495
788,111690,0.00705524218819948
1158,225599,0.00513300147607037
476,22502,0.0211536752288685
4453,2237339,0.00199031081119133
202,17070,0.0118336262448741
5382,2618075,0.00205570887006675
2272,32902,0.069053552975503
1318,24310,0.0542163718634307
446,9709,0.0459367597074879
216,15742,0.0137212552407572
704,18065,0.0389703847218378
4942,511980,0.00965272080940662
4264,2169652,0.00196529212979777
7125,3172644,0.00224576094891201
385,22001,0.0174992045816099
212,26777,0.00791724240953057
436,13268,0.032861018993066
499,61836,0.00806973284171033
5605,2946073,0.00190253262563419
479,22122,0.0216526534671368
110,16350,0.00672782874617737
1037,255254,0.00406261997853119
262,34294,0.00763982037674229
4057,2436207,0.00166529363063155
46,23907,0.00192412264190404
4565,2274613,0.00200693480605272
5762,3441258,0.00167438768031923
375,29496,0.012713588283157
285,25238,0.011292495443379
20084,3786309,0.00530437425999833
362,27903,0.0129735153926101
534,38916,0.0137218624730188
210,32837,0.00639522489874227
177,75686,0.00233860951827286
478,22661,0.0210935086712855
2626,655010,0.0040090990977237
64,31893,0.00200670993634967
147,22352,0.00657659269863994
272,18692,0.014551679863043
612,28367,0.0215743645785596
462,22629,0.0204162799946971
189,20671,0.0091432441584829
2032,479197,0.00424042721469458
57,11573,0.00492525706385553
310,18277,0.0169612080757236
338,34239,0.00987178363854085
452,128340,0.00352189496649525
391,24186,0.0161663772430332
2299,985653,0.00233246385898486
3674,1096961,0.00334925307280751
4384,2139229,0.0020493364665494
246,23601,0.0104232871488496
642,84838,0.0075673636813692
1969,1004345,0.00196048170698316
261,30499,0.00855765762811896
1418,298983,0.00474274457076155
466,9960,0.0467871485943775
5257,2431983,0.00216161050467869
160,41786,0.00382903364763318
532,77119,0.00689842969955523
145,41642,0.00348206138033716
597,113339,0.00526738368963905
1248,108662,0.011485155804237
113,11941,0.00946319403735031
118,23527,0.00501551409019425
374,20281,0.0184409052808047
95,17219,0.00551716127533539
68,15143,0.00449052367430496
241,23734,0.0101542091514283
58,13191,0.00439693730573876
164,13478,0.0121679774447247
165,13735,0.0120131052056789
129,20003,0.00644903264510323
352,42682,0.00824703622135795
489,28945,0.0168941095180515
205,31304,0.00654868387426527
1064,16588,0.0641427537979262
330,24320,0.0135690789473684
219,13650,0.016043956043956
92,17724,0.00519070187316633
448,20295,0.0220744025622074
283,7086,0.0399379057296077
366,10157,0.0360342620852614
209,34870,0.00599369085173502
980,46562,0.0210472058760363
2559,278629,0.00918425576662874
773,113128,0.00683296796549042
321,92738,0.00346136427354483
484,21976,0.0220240262104114
626,26356,0.0237517073911064
3324,2171634,0.00153064466664272
176,29542,0.00595761966014488
3323,2079701,0.00159782584131084
51344,3321420,0.0154584484949208
3418,1149282,0.00297403074267238
2493,1034071,0.00241085960248378
50,23718,0.00210810355004638
396,24261,0.0163224928898232
2958,1200694,0.00246357523232397
194,20632,0.00940286932919736
528,71725,0.00736144998257232
6355,2387966,0.00266126067121559
2695,1592306,0.0016925138761017
465,5838,0.0796505652620761
3543,1680155,0.00210873401561165
1571,664104,0.00236559334080204
4087,1716525,0.00238097318710767
619,21800,0.028394495412844
1705,16563,0.102940288595061
1387,496254,0.00279493968814357
1021,636772,0.0016033996469694
228,65485,0.00348171336947393
65,5211,0.0124736135098829
563,245627,0.00229209329593245
263,19492,0.0134927149599836
229,6134,0.0373328985979785
354,36103,0.00980527933966706
1057,193277,0.00546883488464742
643,22802,0.0281992807648452
260,60168,0.00432123387847361
1458,37880,0.0384899683210137
2279,56243,0.040520598118877
587,69567,0.00843790877858755
1439,12490,0.115212169735789
336,6349,0.0529217199558986
727,8254,0.0880785073903562
512,20966,0.0244204903176572
356,13711,0.025964554007731
253,14634,0.0172885062183955
966,11733,0.0823318844285349
382,5128,0.0744929797191888
263,21511,0.0122263028218121
111,13847,0.00801617678919622
213,18962,0.0112329923003903
139,20570,0.00675741370928537
331,12056,0.0274552090245521
300,10722,0.0279798545047566
694,30714,0.0225955590284561
869,8795,0.0988061398521887
375,40834,0.00918352353430964
156,24467,0.00637593493276658
609,13001,0.0468425505730329
768,12771,0.0601362461827578
1315,61857,0.0212587096044102
584,148821,0.00392417736744142
270,141824,0.00190376805054152
610,88194,0.00691657028822822
422,28915,0.0145945011239841
146,48158,0.00303168736243199
257,176118,0.00145924891266083
775,399774,0.00193859530634809
26,60729,0.000428131535180886
2218,284545,0.00779490063083168
1949,835710,0.00233214871187374
604,228726,0.00264071421701075
150,49687,0.00301889830337915
94,12592,0.00746505717916137
1038,22085,0.0470002263980077
1516,593017,0.00255641912457822
15,11205,0.00133868808567604
384,49456,0.0077644775153672
2209,1726145,0.00127973026599735
241,9562,0.0252039322317507
560,19498,0.0287208944507129
57,18593,0.00306566987575969
842,416791,0.00202019717316353
137,9007,0.0152103919173976
300,5962,0.0503186850050319
320,27768,0.0115240564678767
193,29855,0.00646457879752135
597,14361,0.0415709212450386
697,18143,0.0384170203384225
166,81458,0.00203786000147315
353,92414,0.00381976756768455
1343,39356,0.0341244028864722
871,391023,0.00222749045452569
1584,101523,0.0156023758163175
426,17219,0.0247401126662408
1208,28090,0.0430046279814881
3018,1843056,0.00163749772117613
1404,764784,0.00183581246469591
1184,645129,0.00183529185635741
112,21641,0.00517536158218197
588,228404,0.00257438573755276
314,4469,0.0702618035354665
396,31008,0.0127708978328173
4975,2888609,0.0017222822472685
168,27419,0.00612713811590503
37322,2235719,0.0166935111255037
173,22668,0.00763190400564673
894,88104,0.0101470988831381
704,31644,0.0222475034761724
753,32388,0.023249351611708
324,11943,0.027128862094951
54,38019,0.00142034246034877
409,35978,0.0113680582578242
976,390303,0.00250062131216004
474,16462,0.0287935852265824
6150,2868085,0.0021442879133638
219,49770,0.00440024110910187
4409,1129999,0.00390177336440121
1434,38562,0.0371868679010425
1612,444990,0.00362255331580485
502,39101,0.0128385463287384
1772,436353,0.0040609323185586
5826,1457249,0.00399794407132892
1288,185788,0.00693263289340539
617,21343,0.028908775711006
1129,362193,0.00311712263903499
123,76089,0.00161652801324764
3185,824913,0.00386101322200038
998,15889,0.0628107495751778
443,145673,0.00304105771144962
696,14416,0.0482796892341843
3166,1028097,0.00307947596384388
141,19611,0.00718984243536791
4983,1234699,0.00403580143824527
225,19918,0.0112963148910533
82,23681,0.00346269160930704
3907,1901800,0.00205436954464192
256,16545,0.0154729525536416
657,18346,0.0358116210618118
943,15385,0.0612934676633084
1367,13613,0.100418717402483
619,9879,0.0626581637817593
611,8070,0.0757125154894672
2181,25045,0.0870832501497305
158,7137,0.0221381532856943
1513,16101,0.0939693186758586
487,14609,0.0333356150318297
1204,15323,0.0785746916400183
1741,16510,0.105451241671714
460,12890,0.0356865787432118
1971,24723,0.0797233345467783
186,14773,0.01259053679009
81,12996,0.00623268698060942
106,12486,0.00848950824923915
407,7820,0.0520460358056266
403,10313,0.0390768932415398
2275,26433,0.086066659100367
876,12318,0.0711154408183147
426,10476,0.0406643757159221
550,13951,0.0394236972260053
323,9538,0.0338645418326693
2051,19540,0.10496417604913
165,11213,0.0147150628734505
1991,27375,0.0727305936073059
223,11255,0.0198134162594402
1670,50799,0.0328746628870647
924,25848,0.0357474466109564
1045,22718,0.0459987674971388
6342,3826950,0.00165719437149688
1533,656256,0.00233597864248098
47662,3931490,0.0121231390643242
60,23507,0.00255243119070915
602,29011,0.0207507497156251
2,4876,0.000410172272354389
405,44861,0.00902788613717929
388,11600,0.033448275862069
278,18992,0.0146377422072452
6168,2525304,0.00244247821252412
689,30396,0.0226674562442427
404,21223,0.0190359515619846
674,264080,0.00255225689185095
3424,1014483,0.00337511816363606
794,74945,0.0105944359196744
267,1921,0.138990109318064
226,9833,0.0229838299603376
574,106368,0.00539635980746089
896,68737,0.0130351921090534
617,16153,0.0381972389029902
559,49309,0.0113366728183496
1299,45945,0.0282729350310153
1152,33866,0.0340164176460167
604,11375,0.0530989010989011
1286,60738,0.0211729065823702
333,18988,0.0175373920370761
812,29084,0.0279191307935635
736,64976,0.01132725929574
187,67073,0.00278800709674534
1356,84044,0.0161344057874447
1270,49660,0.0255739025372533
39,19648,0.0019849348534202
2409,19813,0.121586836925251
4484,44895,0.0998774919256042
1733,18049,0.096016399800543
2092,19823,0.105533975684811
991,20448,0.0484643974960876
2859,29737,0.0961428523388371
1074,13086,0.0820724438331041
1140,14031,0.0812486636732949
1101,18439,0.0597103964423233
665,5176,0.128477588871716
1075,12352,0.0870304404145078
2272,19930,0.113998996487707
773,15795,0.0489395378284267
1809,19631,0.0921501706484642
1514,14438,0.104862169275523
983,11109,0.0884868124943739
862,7748,0.111254517294786
2585,31041,0.0832769562836249
2244,22947,0.0977905608576284
562,11664,0.0481824417009602
1855,17196,0.107873924168411
872,11234,0.0776215061420687
2558,21721,0.117766217024999
4195,29374,0.142813372370123
849,10977,0.0773435364853785
728,11805,0.0616687844133842
1154,16597,0.0695306380671206
247,5335,0.0462980318650422
8476,46112,0.1838133240805
7099,43387,0.163620439302095
833,14332,0.0581216857382082
1402,14485,0.0967897825336555
574,16491,0.0348068643502517
948,11632,0.0814993122420908
6203,37745,0.164339647635448
645,10859,0.0593977345980293
139,6506,0.0213648939440516
5810,32702,0.177664974619289
1390,11667,0.119139453158481
299,4453,0.0671457444419493
2561,31991,0.0800537651214404
1461,12986,0.112505775450485
739,18367,0.0402352044427506
1409,17642,0.0798662283187847
4344,24859,0.174745564986524
1283,16795,0.07639178326883
2362,26550,0.0889642184557439
749,11383,0.0657998770095757
2256,18109,0.12457893864929
1048,16378,0.0639882769568934
3737,27696,0.134929231658001
1439,15466,0.0930428035691194
1534,13704,0.111938120256859
3640,30792,0.118212522733177
1180,12274,0.096138178262995
4150,37928,0.109417844336638
213,8170,0.0260709914320685
6456,51041,0.126486550028409
919,14842,0.0619188788572969
926,13157,0.0703807858934408
2032,20254,0.100325861558211
3051,16552,0.184328177863702
1635,17529,0.0932740030806093
928,9795,0.0947422154160286
730,12885,0.0566550252231277
339,9875,0.0343291139240506
10956,80676,0.135802469135802
5831,38013,0.153394891221424
2585,26093,0.0990687157475185
1524,15992,0.0952976488244122
7292,56909,0.128134389991038
520,8540,0.0608899297423888
1427,13503,0.105680219210546
3207,21447,0.149531402993426
4973,36974,0.134499918861903
3980,24952,0.159506252003847
5227,34306,0.152364017956043
1239,11496,0.107776617954071
3522,25832,0.136342520904305
6090,35937,0.169463227314467
7332,51726,0.141746897111704
15869,82832,0.191580548580259
9788,70203,0.139424241129296
2859,25613,0.11162300394331
357,9938,0.0359227208693902
384,10702,0.0358811437114558
1015,10580,0.0959357277882798
2628,29563,0.0888949024117985
458,11390,0.0402107111501317
439,10932,0.0401573362605196
493,10872,0.045345842531273
4483,39956,0.112198418260086
1359,15757,0.086247382115885
9374,47761,0.196268922342497
2872,15725,0.182639109697933
10880,65052,0.167250814732829
7923,51484,0.15389247144744
6263,37894,0.165276824827149
6618,35703,0.185362574573565
80,15303,0.00522773312422401
200,12770,0.0156617071260767
935,14922,0.0626591609703793
3256,31299,0.104028882711908
648,9805,0.0660887302396736
2219,15612,0.142134255700743
3267,25142,0.129941929838517
1619,16261,0.099563372486317
538,15174,0.0354553842098326
401,13550,0.0295940959409594
557,12675,0.0439447731755424
668,10195,0.0655223148602256
777,12447,0.0624246806459388
1075,20923,0.0513788653634756
748,6504,0.115006150061501
1140,12581,0.0906128288689293
405,7799,0.0519297345813566
1461,11376,0.128428270042194
552,10523,0.0524565238049986
680,10278,0.066160731659856
91,31068,0.00292905883867645
2022,97563,0.0207250699547984
1022,38031,0.0268728142830849
295,15704,0.0187850229240958
336,69968,0.0048021952892751
531,71071,0.00747140183759902
176,23991,0.0073360843649702
360,12987,0.0277200277200277
701,93358,0.00750872983568628
346,14177,0.0244057275869366
632,17690,0.0357263990955342
203,18273,0.0111092869260658
1006,44692,0.0225096214087532
454,41739,0.010877117324325
918,22415,0.0409547178228865
106,13858,0.00764901140135662
600,11679,0.051374261494991
931,66261,0.014050497275924
1445,36550,0.0395348837209302
698,123635,0.0056456505034982
699,58970,0.0118534848227913
832,164336,0.00506279816960374
409,12340,0.0331442463533225
682,43644,0.0156264320410595
3908,1457822,0.0026807113625669
142,29864,0.00475488882935976
658,22370,0.029414394278051
220,21276,0.0103402895281068
508,38807,0.0130904218311129
302,25623,0.0117862857588885
4092,2861975,0.00142978188139309
1177,263609,0.0044649461892424
4451,1926039,0.00231096047380141
602,24232,0.0248431825685045
76,12342,0.00615783503484038
581,23350,0.0248822269807281
1836,427188,0.00429787353577348
67,27171,0.00246586434065732
295,5981,0.0493228557097475
2813,361124,0.0077895681261838
193,23101,0.00835461668326047
32,11551,0.00277032291576487
323,28893,0.0111791783476967
9325,2785737,0.00334740860318113
2310,1205889,0.00191559919694101
1286,61036,0.0210695327347795
348,62561,0.00556257093077157
626,213369,0.00293388449118663
59,21330,0.00276605719643694
3833,89349,0.0428991930519648
1778,16046,0.11080643150941
1499,20468,0.0732362712526871
1811,16753,0.108100041783561
587,11450,0.0512663755458515
4148,23185,0.178908777226655
4841,31013,0.15609583078064
1221,12306,0.0992198927352511
234,4958,0.0471964501815248
6073,44380,0.136840919333033
1044,12743,0.0819273326532214
7961,49965,0.159331532072451
1777,22043,0.0806151612756884
1752,13322,0.131511785017265
13549,87933,0.154083222453459
437,8386,0.0521106606248509
3519,20186,0.174328742692956
1795,19779,0.0907528186460387
1054,14242,0.0740064597668867
7314,44630,0.163880797669729
3789,21475,0.176437718277066
2274,22822,0.0996406975725177
4447,29559,0.150444872965933
1312,14415,0.0910163024627125
2763,21805,0.126714056409081
1467,14393,0.101924546654624
2926,26016,0.112469249692497
239,8364,0.0285748445719751
1607,14500,0.110827586206897
1007,11866,0.0848643182201247
1628,16292,0.0999263442180211
768,12287,0.0625050866769757
783,10422,0.0751295336787565
1541,12221,0.126094427624581
955,14234,0.067092876211887
2583,24595,0.105021345801992
2603,26963,0.0965397025553536
851,12500,0.06808
3884,46403,0.083701484817792
4577,41353,0.110681208134839
1084,15251,0.0710773064061373
1475,16398,0.0899499939016953
3432,17819,0.192603400864246
3220,22867,0.140814273844405
1800,17810,0.101066816395284
2011,17270,0.11644470179502
3121,23925,0.130449320794148
4474,28586,0.156510179808298
2736,22225,0.12310461192351
2508,18364,0.136571553038554
3166,30206,0.104813613189433
1588,17688,0.0897783808231569
1459,19342,0.0754317030296764
525,10158,0.0516834022445363
442,6405,0.0690085870413739
1010,13441,0.0751432185105275
1488,14933,0.0996450813634233
3472,24302,0.142868899679039
1622,16682,0.0972305478959357
6400,55391,0.115542236103338
1099,8325,0.132012012012012
1110,13418,0.0827246981666418
1478,15761,0.0937757756487533
5603,39983,0.140134557186804
727,10053,0.0723167213767035
3654,29374,0.124395724109757
3777,28947,0.130479842470722
2713,19109,0.141974985608875
2067,23371,0.0884429421077404
345,10393,0.0331954199942269
8745,54719,0.159816517114713
1758,19303,0.0910739263326944
1153,13089,0.0880892352356941
2750,22033,0.124812780828757
6194,40738,0.152044773921155
5848,43258,0.135188866799205
4684,28912,0.162008854454898
2071,21716,0.0953674709891324
1980,25395,0.077968103957472
1732,37203,0.0465553853183883
1216,29939,0.0406159190353719
156,116194,0.00134258223316178
1781,26368,0.0675439927184466
1923,29095,0.0660938305550782
1283,16967,0.0756173749042259
1106,11270,0.0981366459627329
585,15795,0.037037037037037
995,9801,0.101520253035405
1059,10155,0.104283604135894
1908,17814,0.107106769956214
1213,12018,0.100931935430188
845,14348,0.0588932255366602
1773,15809,0.112151306217977
479,9471,0.0505754408193433
408,5147,0.0792694773654556
1048,9960,0.105220883534137
463,8041,0.0575799029971397
840,8830,0.0951302378255946
338,5410,0.0624768946395564
639,56482,0.0113133387627917
638,51289,0.0124393144728889
642,403452,0.00159126736266024
690,12549,0.0549844609132202
2141,1276673,0.00167701517929807
298,36587,0.00814496952469457
1109,277097,0.00400220861286842
1190,21264,0.0559631301730625
154,13217,0.0116516607399561
605,130488,0.00463644166513396
837,25799,0.0324431179503082
660,22036,0.0299509892902523
871,65602,0.0132770342367611
302,8859,0.0340896263686646
76,23190,0.00327727468736524
1153,141974,0.00812120529110964
486,15494,0.0313669807667484
294,9072,0.0324074074074074
38,10133,0.00375012335932103
153,21060,0.00726495726495727
292,22639,0.0128980962056628
220,29606,0.00743092616361548
1383,626090,0.00220894759539363
1160,137101,0.00846091567530507
2218,563261,0.00393778372725965
379,25052,0.0151285326520837
4035,2291410,0.00176092449627086
862,137714,0.00625934908578649
787,75920,0.0103661749209694
250,40504,0.00617222990321944
94,9846,0.00954702417225269
493,31904,0.0154526078234704
174,19616,0.00887030995106036
420,191385,0.00219452935183008
4250,2495625,0.00170298021537691
155,60837,0.00254779163995595
374,40459,0.00924392594972688
309,40963,0.00754339281790885
5156,2490428,0.00207032686751032
259,5231,0.0495125215064041
725,254917,0.00284406296951557
1872,667224,0.00280565447286069
356,19427,0.0183250115818191
1437,7633,0.188261496135202
278,2308,0.120450606585789
279,2322,0.12015503875969
334,2535,0.131755424063116
250,2164,0.115526802218115
272,2163,0.125751271382339
278,2159,0.128763316350162
283,2562,0.110460577673692
277,2561,0.108160874658337
257,2057,0.124939231891104
18106,805607,0.0224749784944768
326,20838,0.0156444956329782
695,18470,0.0376285868976719
27284,2465923,0.0110644168532432
495,28248,0.0175233644859813
302,39889,0.00757100955150543
1377,48968,0.0281204051625551
428,74658,0.00573280827238876
96,13804,0.00695450594030716
1479,258840,0.00571395456652759
1161,332313,0.00349369419793989
530,12904,0.0410725356478611
1011,19340,0.0522750775594623
527,183265,0.00287561727552997
564,177981,0.00316887757682
320,8008,0.03996003996004
35,12742,0.00274682153508084
407,33754,0.0120578301830894
360,27970,0.0128709331426528
1195,19109,0.0625359778115024
455,9838,0.0462492376499289
467,9859,0.0473678872096562
684,13301,0.0514247049094053
397,6963,0.0570156541720523
379,10234,0.0370334180183701
401,22449,0.0178627110338991
633,20708,0.0305678964651343
1358,29794,0.0455796469087736
1623,11049,0.14689112136845
758,26965,0.028110513628778
1413,76471,0.0184775928129618
3880,107333,0.0361491805875174
1083,40848,0.0265129259694477
4921,42743,0.115129962800926
529,28309,0.018686636758628
396,38356,0.0103243299614141
1177,32858,0.0358208046746607
3434,26856,0.127867143282693
278,23950,0.01160751565762
204,19368,0.0105328376703841
171,16889,0.0101249333885961
351,18419,0.019056409142733
160,15414,0.0103801738679123
76,4500,0.0168888888888889
809,12484,0.0648029477731496
1038,12973,0.080012333307639
5815,62587,0.0929106683496573
1618,22934,0.0705502747013168
326,11596,0.0281131424629182
5062,75874,0.0667158710493713
2642,33477,0.0789198554231263
273,10148,0.0269018525817895
3963,28594,0.138595509547458
2413,11999,0.201100091674306
1677,17324,0.0968021242207342
1808,23592,0.0766361478467277
36,11949,0.00301280441877981
394,10111,0.0389674611808921
382,227008,0.00168276007893995
740,351707,0.00210402408823253
810,684774,0.00118287201324817
719,25135,0.0286055301372588
1186,43670,0.0271582321960156
490,24382,0.020096792715938
133,11302,0.0117678287028844
410,13551,0.0302560696627555
2387,1346762,0.00177239928064498
218,23736,0.00918436130771823
2393,637957,0.00375103651186522
243,9739,0.024951227025362
515,39397,0.0130720613244663
63,12346,0.00510286732544954
5482,3628661,0.00151075010864889
525,157616,0.00333088011369404
287,39420,0.00728056823947235
1515,32522,0.046583850931677
722,312244,0.00231229423143439
1116,102540,0.0108835576360445
612,33269,0.0183955033214103
726,27066,0.0268233207714476
610,17810,0.034250421111735
32,10205,0.00313571778539931
271,24522,0.0110513008726858
393,11367,0.0345737661652151
3362,134196,0.0250529076872634
341,16950,0.020117994100295
423,41375,0.0102235649546828
315,17740,0.0177564825253664
707,198047,0.00356985967977298
337,28513,0.0118191702030653
6407,3417177,0.00187493946026208
163,1660,0.0981927710843374
7,289,0.0242214532871972
6087,1951553,0.00311905441461236
159,17098,0.0092993332553515
1562,80491,0.0194058963113889
575,391177,0.00146992282266084
323,21392,0.0150991024682124
833,29012,0.0287122569971046
5760,3417266,0.00168555798699896
1829,751045,0.002435273518897
17,47290,0.000359484034679636
841,270652,0.00310731123361364
2087,15995,0.130478274460769
761,6532,0.116503368034293
1067,9404,0.113462356444066
602,14344,0.0419687674288901
591,12157,0.04861396726166
603,15304,0.0394014636696289
119,14806,0.00803728218289882
164,13332,0.0123012301230123
218,26855,0.00811766896294917
283,13234,0.0213843131328397
604,8392,0.0719733079122974
165,10185,0.01620029455081
103,12689,0.0081172669241075
270,4501,0.0599866696289713
158,2989,0.0528604884576782
2694,24322,0.110763917441
3277,26782,0.122358300350982
281,5721,0.0491172871875546
1217,31415,0.0387394556740411
320,4124,0.0775945683802134
356,14426,0.0246776653264938
438,10758,0.0407138873396542
266,4530,0.058719646799117
364,22883,0.0159070052003671
694,13314,0.0521255820940364
345,5043,0.0684116597263534
535,11784,0.0454005431093007
297,3547,0.0837327318861009
764,27848,0.0274346452168917
659,34685,0.018999567536399
1106,58445,0.0189237744888357
53,27408,0.00193374197314653
2076,202916,0.010230834433953
3958,2256937,0.00175370424606447
235,23041,0.0101992101037281
2094,1116550,0.00187541981998119
7539,4064947,0.00185463672712092
5816,3302142,0.00176128101093169
604,22957,0.0263100579343991
520,18145,0.0286580325158446
216,9924,0.0217654171704958
591,280250,0.00210883140053524
328,5217,0.0628713820203182
160,4818,0.033208800332088
130,6669,0.0194931773879142
1149,20742,0.0553948510269019
1551,25786,0.0601489180175289
2130,83114,0.0256274514522223
619,20798,0.0297624771612655
1522,17283,0.0880634149163918
743,13887,0.0535032764455966
761,40791,0.0186560760952171
512,20310,0.0252092565238799
629,21319,0.0295041981331207
406,18372,0.0220988460701067
1113,23614,0.0471330566613026
371,17598,0.0210819411296738
607,21465,0.0282785930584673
713,17946,0.0397303020171626
1275,15162,0.0840918084685398
1803,39973,0.0451054461761689
878,22246,0.0394677694866493
702,22697,0.0309291976913248
654,18706,0.0349620442638726
1443,30067,0.047992816044168
1174,27762,0.04228801959513
335,16470,0.0203400121432908
473,24994,0.0189245418900536
6300,34767,0.181206316334455
2201,30344,0.0725349327708938
1155,18740,0.061632870864461
2323,19772,0.117489378919684
1267,13428,0.0943550789395293
798,15018,0.0531362365161806
2337,14796,0.157948094079481
1211,7793,0.155395868086745
308,10457,0.029453954288993
753,11924,0.063149949681315
676,11050,0.0611764705882353
657,8713,0.0754045678870653
3821,32220,0.118590937306021
1798,13960,0.128796561604585
309,10806,0.0285952248750694
559,10446,0.0535133065288149
407,11084,0.0367195958137856
388,9966,0.0389323700581979
1104,12457,0.0886248695512563
3230,28220,0.114457831325301
3538,24656,0.143494484101233
1299,18283,0.071049608926325
5931,46275,0.128168557536467
504,19354,0.0260411284488995
320,8052,0.0397416790859414
406,8799,0.0461416070007955
2075,24852,0.083494286174151
721,16312,0.0442005885237862
362,12516,0.0289229785874081
281,7848,0.0358053007135576
783,9258,0.0845755022683085
1487,24253,0.0613120026388488
14955,78983,0.189344542496487
5115,47435,0.107831769790239
189,9458,0.0199830831042504
1630,22934,0.0710735153047877
1673,21040,0.0795152091254753
830,17187,0.0482923139582242
332,11387,0.0291560551506103
772,15307,0.0504344417586725
896,19637,0.0456281509395529
1022,18164,0.0562651398370403
641,14230,0.0450456781447646
1259,15445,0.0815150534153448
1000,9986,0.100140196274785
1487,14734,0.10092303515678
183,9154,0.0199912606510815
8882,54373,0.163353134827948
1958,13502,0.14501555325137
1793,23829,0.0752444500398674
2251,18538,0.121426259574927
740,11246,0.0658011737506669
970,10414,0.093143844824275
2152,18008,0.119502443358507
2325,27222,0.0854088604804937
1707,39490,0.043226133198278
692,12452,0.0555734018631545
652,9715,0.0671127123005661
1296,13857,0.0935267373890452
3196,31243,0.10229491406075
997,23576,0.042288768238887
1373,26316,0.0521735826113391
192,11865,0.0161820480404551
766,11605,0.0660060318828091
1030,16427,0.062701649723017
2325,34341,0.0677033283829825
830,11039,0.075187969924812
936,19240,0.0486486486486487
572,11920,0.0479865771812081
728,12005,0.0606413994169096
4090,26405,0.154894906267752
2135,35068,0.0608817155241246
479,13430,0.0356664184661206
630,13560,0.0464601769911505
636,10313,0.0616697372248618
853,9973,0.0855309335205054
483,13540,0.035672082717873
1735,25504,0.0680285445420326
3441,40499,0.0849650608657004
1428,22965,0.0621815806662312
998,17866,0.0558602932945259
937,24580,0.0381204231082181
2004,23491,0.0853092673789962
2497,26064,0.0958026396562308
1182,28753,0.0411087538691615
1540,28608,0.053831096196868
1128,18133,0.062207025864446
1243,18135,0.068541494347946
4312,37687,0.114416111656539
989,13634,0.0725392401349567
3058,34142,0.0895671021029817
286,12085,0.0236657012825817
249,10111,0.0246266442488379
507,9881,0.0513105960935128
2399,17874,0.134217298869867
832,11764,0.0707242434546073
3626,28658,0.126526624328285
4162,39192,0.106195141865687
1100,12092,0.0909692358584188
2643,42949,0.0615381033318587
2532,28261,0.0895934326456955
6031,43345,0.139139462452417
529,31111,0.0170036321558291
1502,18339,0.081901957576749
670,29759,0.0225141973856648
951,27355,0.0347651252056297
571,11011,0.0518572336754155
546,12770,0.0427564604541895
383,20700,0.0185024154589372
408,11647,0.035030479951919
540,20032,0.0269568690095847
475,19784,0.0240093004448039
519,14718,0.0352629433346922
925,16572,0.0558170407916968
2234,15184,0.147128556375132
267,13893,0.0192183113798316
3918,43472,0.090126978284873
1666,19010,0.0876380852183062
1542,23103,0.0667445786261524
1402,27794,0.0504425415557315
1943,17909,0.108492936512368
595,15286,0.0389245060839984
2243,31177,0.0719440613272605
2927,28206,0.103772247039637
3398,37339,0.0910040440290313
1467,23892,0.061401305876444
3657,45325,0.0806839492553778
1722,33640,0.0511890606420928
162,11632,0.0139270976616231
729,18800,0.0387765957446809
856,9458,0.0905053922605202
621,14040,0.0442307692307692
1369,13573,0.100862005452
1475,14644,0.100723845943731
1135,14710,0.0771583956492182
1205,15673,0.0768838129266892
2834,23605,0.120059309468333
3279,28591,0.114686439788745
2228,29124,0.0765004807032001
7474,54483,0.13718040489694
5081,34278,0.148229184899936
3449,31108,0.110871801465861
1288,19725,0.065297845373891
3100,22348,0.138714873814212
769,10407,0.073892572307101
3615,31613,0.11435169076013
1961,14782,0.132661344878907
988,14133,0.0699073091346494
329,16390,0.0200732153752288
106,19588,0.0054114764141311
751,96109,0.00781404447034097
415,15395,0.0269568041571939
699,44559,0.0156870665858749
229,48311,0.00474012129742709
862,34591,0.0249197768205603
380,17923,0.0212018077330804
1555,97228,0.0159933352532192
612,30364,0.0201554472401528
255,9057,0.028155018217953
517,14418,0.0358579553336108
192,12769,0.0150364163207769
1117,163045,0.00685086939188568
523,10847,0.048216096616576
127,28105,0.00451876890233055
495,19537,0.0253365409223525
7174,1101787,0.00651124037586212
6542,2847104,0.00229777345681788
331,19435,0.0170311294057113
266,23725,0.0112118018967334
238,8005,0.0297314178638351
1450,569661,0.0025453734765062
3378,1220697,0.0027672714850614
152,18722,0.00811879072748638
126,19372,0.00650423291348338
96,157540,0.00060936904913038
6166,2830242,0.00217861228827782
10,308,0.0324675324675325
4121,2158975,0.0019087761553515
419,14948,0.028030505753278
30,13624,0.00220199647680564
72066,1571787,0.045849723912973
109,27874,0.00391045418669728
236,22527,0.0104763173081191
571,22301,0.0256042329940361
5262,1451002,0.00362645950867056
1407,372956,0.00377256298330098
116,8694,0.0133425350816655
92,17566,0.00523739041329842
104,16816,0.00618458610846813
149,7390,0.0201623815967524
1843,133725,0.0137820153299682
1006,25303,0.039758131446864
269,72524,0.00370911698196459
482,24618,0.019579169713218
482,16095,0.0299471885678782
1503,162268,0.00926245470456282
686,34008,0.0201717243001647
352,20820,0.0169068203650336
994,17981,0.055280573939158
3927,1580682,0.00248437067038152
271,23948,0.0113161850676466
1209,22054,0.0548199873038905
5899,2829954,0.00208448617892729
306,21164,0.0144585144585145
196,17591,0.011142061281337
953,230008,0.00414333414489931
714,48122,0.0148372885582478
4238,303463,0.0139654587214916
583,37289,0.0156346375606747
967,19543,0.0494806324515172
28,10979,0.0025503233445669
437,14525,0.0300860585197935
2890,38052,0.0759487017765163
1672,13903,0.120261813996979
142,17214,0.00824909957011735
948,16062,0.0590212924915951
507,14870,0.0340954942837929
1923,27020,0.0711695040710585
819,13956,0.0586844368013758
853,11647,0.0732377436249678
4128,33283,0.124027281194604
4661,42867,0.108731658385238
662,10939,0.060517414754548
2297,22604,0.101619182445585
1457,23505,0.0619868113167411
1167,12530,0.0931364724660814
173,12121,0.014272749773121
1681,21396,0.0785660871190877
412,12751,0.0323111912791154
231,11016,0.0209694989106754
502,13324,0.037676373461423
883,18640,0.0473712446351931
1615,16179,0.0998207553000803
607,14276,0.0425189128607453
333,12055,0.0276233927830776
2193,32080,0.0683603491271821
531,15555,0.0341369334619094
1404,27991,0.0501589796720374
3658,33983,0.107642056322279
5581,36542,0.152728367358108
3188,40915,0.0779176341195161
1468,12260,0.11973898858075
2139,26095,0.0819697260011497
3423,49251,0.0695011268806725
719,21669,0.0331810420416263
4596,51908,0.0885412653155583
3493,27372,0.127612158410054
483,10427,0.0463220485278604
373,20428,0.0182592520070492
245,20029,0.0122322632183334
89,11238,0.00791955864032746
523,14646,0.0357094087122764
5248,40245,0.130401292085973
2778,24066,0.115432560458738
8668,58503,0.148163342050835
287,20737,0.0138399961421614
141,10225,0.0137897310513447
874,16357,0.0534327810723238
255,19120,0.013336820083682
1082,21702,0.0498571560224864
918,36366,0.0252433591816532
3125,25647,0.121846609739931
974,14051,0.0693189096861433
1133,25023,0.0452783439235903
765,14780,0.0517591339648173
615,20314,0.0302746874076991
882,15114,0.0583564906709012
1712,16638,0.102896982810434
7340,52764,0.139109999241907
6140,38724,0.15855800020659
3735,47821,0.0781037619455888
5407,40067,0.134948960491177
528,9741,0.0542038805050816
1401,15075,0.0929353233830846
1381,13141,0.105090936762803
52,29589,0.00175740984825442
537,82950,0.00647377938517179
208,11635,0.017877094972067
165,65808,0.0025072939460248
160,25443,0.00628856659985065
690,28061,0.0245892876233919
381,65985,0.00577403955444419
1390,45901,0.0302825646500076
571,31837,0.0179351069510318
638,32327,0.0197358245429517
423,32333,0.0130826090990629
397,31848,0.0124654609394624
451,32369,0.0139330841236986
799,32258,0.0247690495380991
135,23312,0.00579100892244338
398,32059,0.0124146105617767
362,31731,0.0114084018782894
346,32081,0.0107851999625947
441,32288,0.013658325074331
655,31840,0.020571608040201
385,32011,0.0120271156789853
626,31812,0.0196781088897271
441,31982,0.0137890063160528
455,32279,0.0140958517921869
830,70845,0.0117157174112499
625,18788,0.0332659144134554
603,18461,0.0326634526840366
443,40925,0.0108246792913867
1190,24786,0.0480109739368999
211,29159,0.00723618779793546
307,71375,0.00430122591943958
658,30231,0.0217657371572227
232,44158,0.00525386113501517
104,16070,0.00647168637212197
182,57547,0.00316263228317723
199,25299,0.00786592355429068
153,19851,0.00770742028109415
411,23886,0.0172067319768902
347,39385,0.0088104608353434
865,27218,0.031780439415093
809,24736,0.0327053686934023
187,27922,0.00669722799226416
625,29483,0.0211986568531018
197,22810,0.00863656291100395
1028,182379,0.00563661386453484
681,14304,0.0476090604026846
1066,116548,0.00914644609946117
412,22040,0.0186932849364791
922,28876,0.031929630142679
630,68675,0.00917364397524572
258,11107,0.0232285945799946
955,276726,0.00345106712054523
759,57266,0.0132539377641183
574,10755,0.0533705253370525
3949,1095823,0.00360368417162261
1373,31528,0.0435485917279878
2227,82809,0.0268932120904733
1078,24980,0.0431545236188951
169,19987,0.00845549607244709
898,47914,0.0187419125933965
729,55302,0.013182163393729
875,427234,0.00204805797291414
107,13568,0.00788620283018868
332,88758,0.00374050789787963
123,62291,0.00197460307267503
2146,779522,0.00275296912723438
517,161132,0.00320854951220118
182,54383,0.00334663405843738
481,30236,0.0159081889138775
3174,1232355,0.00257555655634943
1063,27259,0.0389962948017169
1294,105492,0.0122663329920752
4451,2420010,0.00183924859814629
367,24974,0.0146952830944182
4371,2560587,0.00170703045825039
4636,2345838,0.00197626605076736
227,20295,0.0111850209411185
426,21251,0.0200461154769187
139,22405,0.00620397232760545
2464,1258390,0.00195805751793959
2095,1385052,0.00151257858910712
1853,526687,0.00351821860042112
49781,1728815,0.0287948681611393
502,21902,0.0229202812528536
48877,2403853,0.0203327740922594
477,14689,0.0324732793246647
136,14231,0.00955660178483592
655,58737,0.0111514037148646
216,16022,0.013481462988391
852,466100,0.00182793391975971
301,23901,0.0125936153299025
1031,329789,0.00312624132399807
718,12337,0.058198913836427
10104,4633616,0.00218058639300279
591,28514,0.0207266605877814
87,16511,0.00526921446308522
569,24102,0.0236079993361547
620,24008,0.0258247250916361
644,23356,0.0275732145915397
637,23083,0.0275960663691894
136,19314,0.00704152428290359
1167,337268,0.0034601563148594
53,64067,0.000827258963272824
7182,1713603,0.00419116913310726
814,94502,0.00861357431588749
4496,1389943,0.00323466501863746
105,56202,0.00186826091598164
713,117513,0.00606741381804566
142,99294,0.00143009648115697
849,28789,0.0294904303727118
1303,75496,0.0172591925400021
1366,27082,0.0504394062476922
320,21278,0.0150390074255099
797,38339,0.0207882313049375
291,21987,0.0132350934643198
417,26783,0.0155695777172087
17968,920126,0.0195277603284768
821,127450,0.00644174185955277
54,18604,0.00290260159105569
74,32593,0.00227042616512748
413,36369,0.0113558250158102
946,26813,0.0352813933539701
550,14552,0.0377954920285871
87,14364,0.00605680868838764
2293,522622,0.00438749229844898
351,38346,0.00915349710530433
658,30278,0.0217319505911883
571,20674,0.02761923188546
313,54518,0.00574122308228475
39,89360,0.000436436884512086
2967,1271952,0.0023326351937809
231,77376,0.00298542183622829
196,147329,0.00133035587019528
164,507766,0.000322983421497304
364,143115,0.00254340914649058
273,17502,0.015598217346589
384,23936,0.0160427807486631
3509,1501411,0.00233713486846706
1079,204181,0.00528452696382132
1232,168887,0.00729481842889032
2531,193224,0.013098786900178
181,28899,0.00626319249801031
930,27992,0.0332237782223492
1553,138799,0.0111888414181658
441,21833,0.0201987816607887
1093,554023,0.00197284228272111
15,15960,0.00093984962406015
2510,1225347,0.00204839935136741
379,24245,0.0156320890905341
47,22870,0.00205509400961959
333,14884,0.0223730180059124
159,56462,0.00281605327476887
845,12397,0.0681616520125837
100,45347,0.00220521754471079
209,59900,0.00348914858096828
415,55375,0.00749435665914221
48,41360,0.0011605415860735
130,12953,0.0100362850304949
754,45685,0.0165043230819744
17,17859,0.000951901002295761
1504,74801,0.0201066830657344
379,33169,0.0114263318158522
481,31532,0.0152543447925917
210,22663,0.00926620482725147
452,107621,0.004199923806692
756,84482,0.00894865178381194
279,37107,0.0075187969924812
64,20821,0.00307381970126315
201,25352,0.00792836857052698
306,42271,0.00723900546473942
414,12047,0.0343654021748153
76,46519,0.00163374105204325
1044,28762,0.0362978930533343
83,49452,0.00167839521151824
201,17918,0.011217769840384
851,6298,0.135122261035249
518,20654,0.02507988767309
400,26995,0.0148175588071865
490,12523,0.0391280044717719
1361,590168,0.00230612300226376
19,50585,0.000375605416625482
93,28203,0.00329752154026167
16,35259,0.000453784849258345
26,34522,0.000753142923353224
290,30055,0.00964897687572783
1858,19875,0.0934842767295597
110,10887,0.0101037935152016
83,15565,0.00533247671056858
598,10164,0.0588351042896497
231,14671,0.0157453479653739
805,9069,0.0887639210497299
241,10730,0.0224603914259087
188,1352,0.13905325443787
1029,17007,0.0605044981478215
985,17091,0.0576326721666374
951,9569,0.099383425645313
987,9527,0.103600293901543
422,5135,0.0821811100292113
300,5309,0.0565078169146732
284,5322,0.0533633972190906
357,5234,0.0682078716087123
454,5070,0.0895463510848126
292,5318,0.0549078600977811
302,5323,0.0567349239150855
304,5321,0.057132118022928
294,5318,0.0552839413313276
378,5222,0.0723860589812333
298,5313,0.0560888386975344
304,5318,0.0571643474990598
935,8960,0.104352678571429
291,5322,0.0546786922209696
305,5322,0.0573092822247275
302,5321,0.0567562488254088
303,5323,0.0569227879015593
183,4735,0.0386483632523759
353,5265,0.0670465337132004
303,5321,0.0569441834241684
303,5323,0.0569227879015593
304,5323,0.0571106518880331
304,5323,0.0571106518880331
304,5322,0.0571213829387448
341,5283,0.0645466590952111
305,5323,0.0572985158745069
315,5299,0.059445178335535
319,5305,0.0601319509896324
305,5316,0.0573739653875094
304,5322,0.0571213829387448
146,5114,0.0285490809542433
302,5324,0.0567242674680691
354,5264,0.0672492401215806
343,5271,0.0650730411686587
289,5312,0.0544051204819277
297,5310,0.0559322033898305
197,3864,0.0509834368530021
294,5314,0.055325555137373
298,5315,0.0560677328316087
291,5314,0.0547610086563794
305,5322,0.0573092822247275
364,5256,0.0692541856925419
295,5303,0.0556288893079389
304,5322,0.0571213829387448
303,5322,0.0569334836527621
499,5214,0.0957038741848868
303,5322,0.0569334836527621
291,5318,0.0547198194810079
303,5323,0.0569227879015593
305,5298,0.0575688939222348
303,5322,0.0569334836527621
303,5322,0.0569334836527621
298,5319,0.056025568715924
303,5323,0.0569227879015593
287,5313,0.0540184453227932
322,5331,0.0604014256237104
309,5318,0.0581045505829259
334,5290,0.0631379962192817
311,5319,0.0584696371498402
441,5185,0.085053037608486
338,5306,0.0637014700339239
295,5313,0.0555241859589686
383,5227,0.0732733881767744
304,5323,0.0571106518880331
510,5116,0.099687255668491
235,4726,0.0497249259415997
298,5297,0.0562582593921087
300,5299,0.0566144555576524
306,5299,0.0577467446688054
336,5316,0.0632054176072235
257,5068,0.0507103393843725
405,4950,0.0818181818181818
512,4889,0.104724892616077
413,4345,0.0950517836593786
321,4391,0.0731040765201549
515,3948,0.130445795339412
250,4066,0.0614854894244958
824,5115,0.161094819159335
494,4916,0.100488201790073
334,3157,0.105796642382008
541,4461,0.121273257117238
999,10480,0.095324427480916
294,8017,0.0366720718473244
330,8606,0.0383453404601441
335,8590,0.0389988358556461
83,2392,0.0346989966555184
204,3596,0.0567296996662959
139,3450,0.0402898550724638
7308,3203676,0.00228112955242665
338,21396,0.0157973452981866
543,20478,0.0265162613536478
581,19529,0.0297506272722618
3090,1466767,0.00210667406616047
604,24565,0.0245878282108691
895,14651,0.0610879803426387
926,41250,0.0224484848484849
1044,169528,0.00615827473927611
502,315848,0.0015893721030369
23,14861,0.00154767512280466
199,10001,0.0198980101989801
3546,1657976,0.0021387523100455
5548,1989933,0.00278803356695929
719,15126,0.0475340473357133
1245,198688,0.00626610565308423
3495,355401,0.00983396220044401
814,36002,0.0226098550080551
307,22357,0.0137317171355728
349,28492,0.0122490523655763
3561,1433308,0.00248446251608168
1348,754929,0.00178559838077488
709,148700,0.0047679892400807
790,20052,0.0393975663275484
347,21451,0.0161764020325393
889,735176,0.00120923425139014
574,16249,0.0353252507846637
180,38040,0.00473186119873817
202,27598,0.00731937096891079
1839,933440,0.00197013198491601
226,17095,0.0132202398362094
370,10542,0.0350977044204136
935,136596,0.00684500278192626
258,32458,0.00794873374822848
158,15999,0.00987561722607663
266,20716,0.0128403166634485
290,86374,0.00335749183782157
741,37756,0.0196260197054773
901,258103,0.00349085442633367
193,31785,0.00607204656284411
1400,689932,0.00202918548494634
228,69720,0.00327022375215146
324,39868,0.00812681850105348
594,15033,0.0395130712432648
929,13014,0.0713846626709697
576,104058,0.0055353745026812
180,19963,0.00901668085959024
184,149499,0.0012307774633944
9071,553248,0.0163959020186246
55,24705,0.00222626998583283
355,17460,0.0203321878579611
197,15436,0.0127623736719357
423,12222,0.0346097201767305
95,12370,0.00767987065481002
696,29019,0.0239842861573452
3741,89157,0.041959689087789
218,26530,0.00821711270260083
139,11294,0.012307419868957
645,25890,0.0249130938586327
345,15496,0.0222638100154879
94,20113,0.00467359419281062
174,23247,0.00748483675312944
1942,296369,0.00655264214543356
1311,17065,0.0768239085848227
1366,16758,0.0815133070772169
843,291919,0.00288778736567335
117,12267,0.00953778429933969
740,6618,0.111816258688426
481,7332,0.0656028368794326
665,5292,0.125661375661376
1398,8778,0.159261790840738
754,7460,0.101072386058981
2709,20695,0.130901183860836
1034,10077,0.102609903741193
1226,8805,0.13923906871096
776,7594,0.102185936265473
973,15722,0.0618878005342832
663,6162,0.107594936708861
461,4174,0.110445615716339
461,4174,0.110445615716339
397,3421,0.116047939199065
134,2576,0.0520186335403727
134,2575,0.0520388349514563
135,2576,0.0524068322981367
137,2575,0.0532038834951456
137,2571,0.0532866588875924
134,2576,0.0520186335403727
134,2576,0.0520186335403727
146,2566,0.0568978955572876
135,2576,0.0524068322981367
56,1306,0.0428790199081164
257,2348,0.109454855195911
136,2561,0.0531042561499414
464,4174,0.111164350742693
123,2062,0.059650824442289
123,2062,0.059650824442289
123,2062,0.059650824442289
125,2060,0.0606796116504854
124,2062,0.0601357904946654
73,1626,0.0448954489544895
123,2062,0.059650824442289
125,2060,0.0606796116504854
427,4458,0.0957828622700763
123,2062,0.059650824442289
123,2062,0.059650824442289
124,2062,0.0601357904946654
124,2061,0.0601649684619117
113,1989,0.0568124685771745
105,1919,0.054715997915581
126,2058,0.0612244897959184
123,2062,0.059650824442289
136,2017,0.0674268715914725
502,3688,0.136117136659436
124,2575,0.0481553398058253
204,2537,0.0804099329917225
122,2559,0.0476748729972646
119,2565,0.0463937621832359
216,2457,0.0879120879120879
133,2570,0.0517509727626459
122,2563,0.0476004682013266
157,2519,0.0623263199682414
132,2570,0.0513618677042802
132,2570,0.0513618677042802
134,2569,0.0521603736862592
125,2560,0.048828125
49,1519,0.032258064516129
226,26662,0.00847648338459231
371,14973,0.0247779336138382
299,2109,0.141773352299668
117,14368,0.00814309576837417
3293,1699768,0.00193732321116764
2790,1201343,0.00232240084638609
2535,1579505,0.00160493319109468
89,29504,0.00301654013015184
764,87263,0.00875514250025784
299,27792,0.010758491652274
857,637852,0.00134357186306541
1276,187158,0.00681776894388698
1611,763784,0.00210923507169566
2424,848197,0.00285782666055174
856,693301,0.00123467296311415
320,193141,0.00165682066469574
2937,1890037,0.00155393783296306
335,25921,0.0129238841094094
785,24623,0.0318807618892905
577,11393,0.050645132976389
1041,925085,0.00112530199927574
517,25894,0.0199660152931181
332,22340,0.0148612354521039
121,14867,0.00813883096791552
222,42133,0.00526902902712838
278,14202,0.0195747077876355
2575,1218944,0.00211248424866114
362,16579,0.0218348513179323
196,22960,0.00853658536585366
257,2090,0.122966507177033
275,2053,0.133950316609839
262,2086,0.125599232981783
262,2065,0.126876513317191
265,2066,0.128267182962246
257,2081,0.12349831811629
258,2084,0.123800383877159
266,2065,0.128813559322034
264,2079,0.126984126984127
254,2087,0.121705797795879
263,2066,0.12729912875121
269,2057,0.130772970345163
311,26952,0.0115390323538142
3794,1819281,0.0020854392477028
655,243560,0.00268927574314337
2293,824319,0.00278169009812949
1604,113130,0.0141783788561832
290,30715,0.00944164089207228
423,63014,0.00671279398228965
1140,16808,0.0678248453117563
312,18927,0.0164843873831035
342,20810,0.0164344065353196
3156,311578,0.0101290848519472
286,18160,0.0157488986784141
509,9433,0.0539595038693947
187,25092,0.00745257452574526
209,21803,0.00958583681144797
718,87694,0.00818756129267681
425,57210,0.00742877119384723
479,23788,0.0201362031276274
110,22303,0.00493207191857598
830,11281,0.0735750376739651
720,17190,0.0418848167539267
1105,16963,0.065141779166421
1395,16587,0.0841020075963104
1520,16959,0.0896279261748924
615,7429,0.0827836855566025
946,16688,0.0566874400767018
1521,15240,0.0998031496062992
1809,16293,0.111029276376358
69,2261,0.0305174701459531
1682,15117,0.111265462724085
1269,11504,0.110309457579972
1104,14259,0.0774247843467284
777,15934,0.048763650056483
212,13861,0.0152947117812568
2214,24279,0.0911899172124058
1385,13859,0.0999350602496573
787,8690,0.0905638665132336
914,10514,0.086931710100818
2314,18878,0.122576544125437
946,15819,0.0598015045198812
199,4002,0.0497251374312844
5143,40677,0.12643508616663
2548,24160,0.10546357615894
1744,15386,0.113349798518133
1315,16226,0.0810427708615802
3018,20812,0.14501249279262
2317,21123,0.109690858306112
456,12643,0.0360673890690501
752,18917,0.0397526034783528
216,8295,0.0260397830018083
11897,68807,0.172903919659337
4037,48164,0.0838177892201644
5799,28324,0.204738031351504
1697,13532,0.125406443984629
354,9777,0.036207425590672
1498,12609,0.118804028868269
2270,16687,0.136034038473063
1457,13162,0.110697462391734
1565,16688,0.0937799616490892
218,17820,0.0122334455667789
113,13071,0.00864509218881493
230,8876,0.0259125732311852
1352,15361,0.0880151031833865
533,7339,0.0726256983240224
4260,28770,0.148070907194995
1108,9064,0.122241835834069
1221,19525,0.0625352112676056
1091,18666,0.0584485160184292
2410,38742,0.062206390996851
228,3500,0.0651428571428571
813,11014,0.0738151443617215
1208,13440,0.0898809523809524
560,4359,0.128469832530397
2363,28977,0.0815474341719295
2242,15835,0.141585096305652
22,2503,0.00878945265681183
664,7022,0.0945599544289376
1627,13259,0.122709103250622
763,7929,0.096229032664901
1346,14944,0.0900695931477516
5139,34720,0.14801267281106
341,12641,0.0269757139466814
15673,76092,0.205974346843295
442,7686,0.0575071558678116
1218,12015,0.101373283395755
2499,19853,0.125875182592052
1705,16309,0.104543503586977
1180,17386,0.0678707005636719
1341,9496,0.141217354675653
2919,20797,0.140356782228206
3156,31923,0.0988628888262381
318,16338,0.0194638266617701
1259,11247,0.11194096203432
2030,18553,0.109416266911012
1075,20200,0.0532178217821782
1489,10003,0.148855343396981
1907,24964,0.0763900016023073
882,16493,0.0534772327654156
402,11764,0.0341720503230194
1769,20955,0.0844189930804104
623,24883,0.0250371739741993
4342,2667114,0.00162797690687387
3712,2053777,0.00180740167992922
129,21825,0.0059106529209622
3643,1497025,0.0024334930946377
322,38857,0.00828679517204107
642,19956,0.0321707757065544
278,11276,0.02465413267116
1177,22074,0.0533206487270092
424,21579,0.0196487325640669
255,19712,0.0129362824675325
3159,711623,0.00443914825687197
1309,34278,0.038187758912422
962,25572,0.0376192710777413
1087,23584,0.0460905698778833
89,12169,0.00731366587229846
735,15140,0.0485468956406869
149,23506,0.00633880711307751
686,20626,0.0332589935033453
176,12879,0.0136656572715273
175,12879,0.0135880114915754
4215,1583593,0.00266166874948298
296,26768,0.0110579796772265
2733,795239,0.00343670267680534
1208,310454,0.00389107565049895
138,17228,0.00801021592755979
847,17010,0.0497942386831276
455,15147,0.0300389516075791
37,107185,0.00034519755562812
4638,2050621,0.00226175387845926
300,19330,0.0155199172271081
999,481610,0.00207429247731567
9,11175,0.000805369127516778
3465,1254090,0.00276295959620123
721,26138,0.0275843599357258
272,101637,0.00267619075730295
210,55680,0.00377155172413793
1060,64057,0.0165477621493358
557,75747,0.00735342653834475
2379,715529,0.00332481283078673
828,697525,0.00118705422744704
12,10387,0.0011552902666795
27508,1436992,0.0191427648866521
536,26438,0.0202738482487329
443,8575,0.0516618075801749
864,222586,0.00388164574591394
1416,683244,0.00207246605897747
125,11709,0.0106755487232044
6432,2650312,0.00242688408006303
55,6006,0.00915750915750916
211,25053,0.00842214505248873
1703,206133,0.00826165630927605
1124,29763,0.0377650102476229
178,14905,0.0119423012411942
342,23891,0.0143150140220167
282,17154,0.0164393144456104
3300,23281,0.141746488552897
654,7680,0.08515625
2850,33343,0.0854752121884654
988,41418,0.0238543628374137
934,22508,0.0414963568508975
409,13267,0.0308283711464536
2353,28508,0.0825382348814368
701,27296,0.0256814185228605
893,21813,0.0409388896529592
276,11267,0.0244963166770214
1010,19029,0.0530768826527931
670,10211,0.0656155126824013
3565,49037,0.0727002059669229
146,10850,0.0134562211981567
77,14288,0.00538913773796193
56,10643,0.00526167433994175
84,14245,0.0058968058968059
135,11358,0.0118858954041204
335,14893,0.0224937890284026
203,28115,0.00722034501155967
223,29986,0.00743680384179284
585,18637,0.031389172077051
1785,30878,0.0578081481961267
191,24535,0.00778479722844915
309,5835,0.0529562982005141
436,18029,0.0241832603028454
924,77621,0.0119039950528852
591,20297,0.029117603586737
643,8274,0.0777133188300701
988,38658,0.0255574525324642
401,50929,0.00787370653262385
2696,20951,0.128681208534199
2079,18230,0.114042786615469
1625,15531,0.104629450775868
414,8750,0.0473142857142857
652,12102,0.0538753924971079
33,14571,0.00226477249330863
3845,53450,0.0719363891487371
2021,96676,0.0209048781496959
458,23690,0.0193330519206416
744,17490,0.0425385934819897
875,45232,0.0193447117085249
349,28891,0.0120798864698349
1040,14746,0.070527600705276
1415,33452,0.0422994140858544
973,9395,0.103565726450239
675,38745,0.0174216027874564
1185,65029,0.0182226391302342
890,13732,0.0648121176813283
105,10920,0.00961538461538462
260,42733,0.00608429082910163
1037,66868,0.0155081653406712
1447,22911,0.0631574352930907
2107,58541,0.0359918689465503
343,65504,0.00523632144601856
6750,3794026,0.0017791127419791
876,26115,0.033543940264216
184,25884,0.00710863854118374
4911,1941274,0.00252978198852918
4288,1018646,0.00420950948612177
1787,218917,0.00816291105761544
316,22534,0.0140232537498891
749,27621,0.027117048622425
2273,14389,0.157967892139829
1978,14002,0.141265533495215
1817,11677,0.15560503553995
239,21227,0.0112592453007962
1007,22497,0.0447615237587234
2123,14109,0.15047133035651
1426,10934,0.13041887689775
1146,5589,0.20504562533548
710,34670,0.0204788001153735
483,22224,0.0217332613390929
218,17091,0.0127552513018548
1283,18992,0.0675547598989048
89,27611,0.00322335301148093
309,44266,0.00698052681516288
658,18441,0.0356813621820942
696,10156,0.0685309176841276
178,39192,0.00454174321290059
1202,28539,0.0421178037072077
80,21627,0.00369907985388635
189,21853,0.00864869811925136
523,19052,0.0274511862271678
95,21760,0.00436580882352941
189,17305,0.0109216989309448
639,11598,0.0550957061562338
986,54724,0.0180176887654411
305,32117,0.00949652831833608
30,5969,0.00502596749874351
833,28389,0.029342350910564
1111,47581,0.023349656375444
187,24728,0.00756227758007117
676,33101,0.0204223437358388
592,27385,0.0216176739090743
97,21902,0.00442881928590996
177,24930,0.00709987966305656
203,16461,0.0123321790899702
897,16376,0.0547752808988764
223,10049,0.0221912628122201
397,25198,0.0157552186681483
662,33578,0.0197152897730657
667,45773,0.014571909204116
1382,24362,0.056727690665791
897,37997,0.0236071268784378
824,37243,0.0221249630803104
973,36695,0.0265158740972885
300,17623,0.0170232083073257
216,11396,0.018954018954019
145,24628,0.00588760760110443
255,27524,0.009264641767185
99,25247,0.00392125797124411
32,16489,0.00194068773121475
2654,29072,0.0912905888827738
278,17140,0.0162193698949825
330,10676,0.0309104533533159
447,26190,0.0170675830469645
1498,22316,0.0671267252195734
905,16187,0.0559090628281955
565,20950,0.0269689737470167
65,43766,0.0014851711374126
2894,123022,0.0235242476955341
944,28023,0.033686614566606
1678,70296,0.0238704904973256
654,12177,0.0537078098053708
1033,12639,0.0817311496162671
294,51471,0.00571195430436557
1171,11792,0.0993046132971506
781,21353,0.0365756568163724
446,19211,0.0232158659101556
820,17475,0.0469241773962804
45,10702,0.00420482152868623
743,15297,0.0485716153494149
648,19506,0.0332205475238388
694,34156,0.0203185384705469
1561,15502,0.1006966842988
1885,16382,0.115065315590282
457,17942,0.02547096198863
401,24800,0.0161693548387097
570,7967,0.0715451236349944
400,12198,0.0327922610263978
1502,16302,0.0921359342411974
1019,8882,0.114726412970052
291,21188,0.0137341891636776
320,19572,0.0163498875945228
520,13852,0.0375397054576956
557,13761,0.0404767095414578
821,9332,0.0879768538362623
264,32484,0.00812707794606576
934,65020,0.0143648108274377
105,6811,0.0154162384378212
221,41671,0.0053034484413621
769,15204,0.0505787950539332
5120,2150493,0.0023808494145296
413,15033,0.027472892968802
939,124564,0.00753829356796506
406,20974,0.0193572995136836
2245,1341599,0.00167337632183685
948,13509,0.0701754385964912
226,18452,0.0122479947973119
987,22036,0.0447903430749682
619,20351,0.0304161957643359
802,42533,0.0188559471469212
577,16665,0.0346234623462346
745,19460,0.0382836587872559
468,52222,0.00896174026272452
2005,21235,0.0944195902990346
881,26217,0.0336041499790212
831,16495,0.0503789026977872
1116,19764,0.0564663023679417
1031,19312,0.0533864954432477
791,9522,0.0830707834488553
61,33977,0.00179533213644524
1135,7038,0.16126740551293
1455,24240,0.0600247524752475
145,22430,0.00646455639768168
679,49985,0.0135840752225668
606,82252,0.0073676020035987
586,27005,0.0216996852434734
110,28272,0.0038907753254103
1399,40056,0.0349261034551628
1594,78737,0.0202446118089335
2006,11908,0.16845817937521
718,21538,0.0333364286377565
355,10058,0.0352952873334659
1077,16288,0.0661222986247544
245,12329,0.0198718468651148
496,12711,0.0390213201164346
1054,34952,0.0301556420233463
1446,12789,0.113065916021581
105,11508,0.00912408759124087
1429,20005,0.0714321419645089
1461,25542,0.0571999060371153
1501,20568,0.0729774406845585
1188,27226,0.0436347608903254
365,28630,0.0127488648271044
217,61548,0.00352570351595503
333,22669,0.0146896642992633
1756,64795,0.0271008565475731
148,58515,0.0025292660001709
90,22370,0.0040232454179705
354,14239,0.0248612964393567
196,22900,0.0085589519650655
578,12291,0.0470262793914246
247,12833,0.0192472531754072
1102,230703,0.00477670424745235
135,91520,0.00147508741258741
2919,313216,0.0093194472823866
178,10803,0.0164769045635472
285,17062,0.0167037861915368
1260,705750,0.00178533475026568
484,23799,0.0203369889491155
366,13514,0.0270830250110996
395,19764,0.0199858328273629
523,38067,0.0137389339848162
448,48377,0.00926059904500072
565,36075,0.0156618156618157
386,19439,0.0198569885282165
535,25555,0.0209352377225592
77,8146,0.00945249202062362
227,10936,0.0207571324067301
423,104594,0.00404420903684724
811,22753,0.0356436513866303
718,17869,0.0401813196037831
2442,793244,0.00307849791489126
842,61242,0.0137487345285915
248,58339,0.00425101561562591
654,18682,0.0350069585697463
265,16657,0.0159092273518641
458,11509,0.0397949430880181
2567,1504021,0.00170675808382995
242,28394,0.00852292737902374
388,25437,0.0152533710736329
746,19476,0.0383035530909838
1140,29842,0.0382011929495342
5747,62615,0.0917831190609279
856,16161,0.0529670193676134
203,12850,0.0157976653696498
1419,24567,0.0577604103065087
3489,102963,0.0338859590338277
1010,64706,0.0156090625289772
236,34801,0.00678141432717451
2781,666527,0.00417237411237654
1346,280948,0.00479092216353204
31,44190,0.000701516180131251
91,66281,0.00137294247220169
1060,681263,0.00155593361154209
1387,476951,0.0029080555444899
836,452751,0.00184648957153049
287,192873,0.0014880257993602
213,80840,0.00263483424047501
1248,1123705,0.00111061177088293
1754,854621,0.00205237175309289
3290,2530762,0.00130000371429633
995,10159,0.0979427108967418
392,157906,0.00248248958240979
2283,1260189,0.00181163301695222
745,635908,0.00117155311774659
1279,845266,0.00151313314388607
466,479047,0.00097276467653487
56,182590,0.00030669806670683
2341,3326482,0.000703746480516053
767,797651,0.000961573419954341
362,257200,0.00140746500777605
776,522596,0.00148489464136733
1981,932904,0.00212347679932769
774,1295412,0.000597493307148614
689,397189,0.00173469053775407
7825,983761,0.00795416772976363
16482,754870,0.0218342231112642
2244,1670081,0.00134364740392831
484,526473,0.000919325397503766
275,128403,0.00214169450869528
8986,725606,0.0123841313329824
37,103147,0.00035871135369909
35,78383,0.000446525394537081
426,607092,0.000701705837006582
572,391520,0.00146097261953412
1016,565169,0.00179769237166228
841,474640,0.00177186920613518
558,273920,0.00203709112149533
166,855319,0.000194079635785011
887,950506,0.000933187165572863
489,23149,0.021124022635967
1278,904269,0.00141329626471769
161,49788,0.00323371093436169
1132,545983,0.00207332462732356
2059,1334007,0.0015434701617008
3246,117966,0.0275164030313819
392,12274,0.0319374287110966
1085,777528,0.0013954481382021
1433,965027,0.00148493254592877
518,23057,0.022466062367177
219,26687,0.00820624273991082
305,25624,0.0119029035279426
510,13217,0.0385866686842703
459,124422,0.00368905820514057
375,301228,0.00124490419217337
120,41403,0.00289834069994928
521,187882,0.00277301710648173
340,110678,0.00307197455682249
363,185269,0.00195931321483896
834,680363,0.00122581621869502
1087,587013,0.00185174774664275
240,85233,0.00281581077751575
257,153508,0.00167417984730437
786,502784,0.00156329557026477
1008,388579,0.0025940671008984
390,131642,0.00296258033150514
1430,687495,0.00208001512738274
50,103326,0.000483905309409055
32,80187,0.000399067180465662
20,28122,0.00071118697105469
129,16030,0.00804741110417966
127,15400,0.00824675324675325
123,14550,0.00845360824742268
215,32465,0.00662251655629139
613,19516,0.03141012502562
115,8690,0.0132336018411968
161,18803,0.00856246343668563
121,16952,0.00713780084945729
457,16927,0.0269982867607964
910,17104,0.0532039289055192
56,11502,0.00486871848374196
206,15539,0.0132569663427505
160,10034,0.0159457843332669
302,14900,0.0202684563758389
475,13926,0.0341088611230791
227,15424,0.0147173236514523
139,20760,0.00669556840077071
135,21411,0.00630517023959647
527,12225,0.0431083844580777
179,12494,0.0143268769009124
248,19857,0.0124892984841618
334,181734,0.00183785092497826
244,509539,0.000478864228253382
177,788782,0.000224396601342323
6,29928,0.000200481154771451
257,537884,0.000477798186969681
794,296332,0.00267942712903095
281,498532,0.000563654890759269
1433,529736,0.00270512104142441
427,331215,0.00128919282037347
329,397105,0.000828496241548205
40,40226,0.000994381743151196
344,38084,0.00903266463606764
24,80057,0.000299786402188441
423,157932,0.00267836790517438
21,75142,0.000279470868488994
293,212357,0.00137975202136026
76,54347,0.00139842125600309
576,167825,0.00343214658126024
1765,1029045,0.00171518252360198
267,187723,0.00142230840120816
1009,604882,0.00166809394228957
579,471255,0.0012286341789477
480,181509,0.00264449696709254
80,37025,0.00216070222822417
204,140054,0.00145658103303012
140,86362,0.00162108334684236
149,83317,0.00178835051670127
178,163130,0.00109115429412125
1445,972513,0.0014858413203731
151,164635,0.00091718042943481
930,519769,0.00178925638120011
591,408565,0.00144652625653201
332,325974,0.00101848613693117
127,565460,0.000224595904219573
1546,1249017,0.00123777338498996
90,88841,0.00101304577841312
47,86863,0.000541081933619608
1281,1018486,0.00125774924741234
49,57620,0.000850399166955918
10,33335,0.000299985000749963
309,505098,0.000611762469857335
33,49962,0.000660501981505945
21,16056,0.00130792227204783
6,16910,0.000354819633353046
251,117911,0.00212872420724106
629,619278,0.00101569892681477
593,159964,0.00370708409392113
745,514008,0.00144939378375434
400,262698,0.00152266100236774
828,145111,0.00570597680396386
1962,1194379,0.00164269465554903
90,151310,0.000594805366466195
207,64299,0.00321933467083469
282,75772,0.00372169138995935
4411,575099,0.00766998377670627
891,66309,0.0134370899877845
295,92647,0.00318412900579619
401,138894,0.00288709375494982
1259,559295,0.00225104819460213
1107,988559,0.00111981176641961
120,77404,0.00155030747764973
88,56493,0.00155771511514701
987,266542,0.00370298114368467
933,578280,0.00161340527080307
2906,2106602,0.00137947272432097
244,441502,0.000552658878102478
226,237489,0.000951623022539991
774,399550,0.00193717932674259
109,158041,0.000689694446377839
60,36352,0.00165052816901408
8547,842039,0.0101503612065474
877,583713,0.00150245069066476
877,640932,0.00136831988416868
618,19523,0.0316549710597756
179,84042,0.00212988743723376
543,561551,0.000966964710240032
790,856875,0.000921954777534646
1685,1436245,0.00117319816605106
424,777663,0.000545223316526567
2283,1924903,0.0011860337897546
175,469954,0.000372376870927793
974,590138,0.00165046141749896
987,422662,0.00233519928453469
246,220008,0.00111814115850333
565,244904,0.00230702642668148
2495,716864,0.00348043701455227
378,132018,0.00286324592101077
1308,502216,0.00260445704637049
331,120072,0.00275667932573789
2282,1065299,0.00214212160154098
1655,959429,0.00172498433964368
1285,668488,0.00192224841732387
563,679883,0.00082808365557015
354,410437,0.000862495340332377
806,635524,0.00126824478697893
1634,1142065,0.00143074168282891
474,184929,0.00256314585597716
741,222218,0.00333456335670378
538,483807,0.00111201367487449
461,368846,0.00124984410838128
771,216606,0.00355945818675383
100,68203,0.0014662111637318
190,40001,0.00474988125296868
491,146192,0.00335859691364781
59,64392,0.000916262889799975
733,232113,0.00315794462180059
31,21491,0.00144246428737611
756,477634,0.00158280189433751
2189,1454780,0.00150469486795254
215,353150,0.000608806456180093
215,304777,0.000705433808981649
470,456187,0.00103027924951829
210,459422,0.000457096090304774
492,1105062,0.000445223887890453
137,27490,0.00498363041105857
75,125107,0.000599486839265589
1393,789299,0.00176485717072998
961,470202,0.00204380245086154
252,48667,0.00517804672570736
876,816685,0.00107262898179837
224,222391,0.00100723500501369
917,788763,0.00116257988774828
2042,865168,0.00236023523754924
504,206083,0.00244561657196372
489,10160,0.0481299212598425
653,136026,0.00480055283548733
3409,111846,0.030479409187633
1478,667967,0.0022126841595468
673,362926,0.0018543725167114
115,41378,0.00277925467639809
1039,440227,0.00236014601557833
87,57506,0.00151288561193615
406,158834,0.00255612778120554
207,79696,0.00259737000602289
1956,727228,0.00268966541442299
1114,714722,0.00155864797781515
438,71172,0.00615410554712527
915,395176,0.00231542401360406
441,317004,0.00139114963849037
1266,438370,0.00288797134840432
369,240281,0.00153570194896808
1582,305335,0.00518119442579462
1388,924333,0.00150162333271667
587,371394,0.00158053172641454
459,362374,0.0012666471656355
2026,790913,0.00256159653463782
783,324239,0.00241488531607857
221,78010,0.00283297013203435
307,191444,0.00160360209774138
496,121508,0.00408203575073246
501,303792,0.00164915468478433
1247,99572,0.0125236010123328
516,376343,0.00137108967085876
1060,49481,0.0214223641397708
620,640954,0.000967308106353966
20,12837,0.00155799641660824
828,100280,0.00825688073394496
437,230190,0.00189843173030974
691,22374,0.0308840618575132
65,6042,0.01075802714333
1916,253672,0.00755306064524268
813,189272,0.00429540555391183
460,752271,0.000611481766544237
156,477850,0.000326462278957832
392,700790,0.000559368712453089
1189,45769,0.0259782822434399
356,36918,0.00964299257814616
8,15389,0.000519851842224966
3,13632,0.000220070422535211
202,27386,0.00737603154896663
201,24526,0.00819538448992906
1355,62197,0.0217856166696143
1203,26446,0.0454889208197837
108,21189,0.00509698428429846
784,5660,0.138515901060071
790,4389,0.179995443153338
743,5232,0.142010703363914
877,6857,0.127898497885373
1370,42067,0.0325670953478974
132,16179,0.00815872427220471
540,6312,0.0855513307984791
1413,47165,0.0299586557828899
2531,32785,0.0771999389964923
699,15276,0.045758051846033
143,12761,0.0112060183371209
125,9620,0.012993762993763
148,113239,0.00130697021344237
200,646908,0.000309162972169149
337,761423,0.000442592356679533
432,900143,0.000479923745449334
24,96014,0.000249963546982732
632,977384,0.000646624049503573
48,70305,0.000682739492212503
78,70581,0.0011051132741106
212,156660,0.0013532490744287
68,146235,0.000465004957773447
87,197562,0.00044036808698029
15,36945,0.000406008932196508
29,25662,0.0011300755981607
139,205633,0.000675961543137531
73,121095,0.000602832486890458
649,454926,0.00142660564575338
200,18183,0.010999285046472
783,1362499,0.000574679320865557
95,483930,0.000196309383588536
56,167945,0.000333442496055256
194,360564,0.000538045950233523
898,89801,0.00999988864266545
826,31182,0.0264896414598166
65,74318,0.000874619876745876
306,83092,0.00368266499783373
519,202801,0.00255915897850602
897,343438,0.00261182513292064
710,91481,0.00776117445152545
1400,470205,0.00297742474027286
718,31847,0.0225452946902377
934,38083,0.0245253787779324
275,12064,0.0227950928381963
624,61193,0.0101972447829
901,162042,0.00556028683921452
794,123044,0.00645297617112578
184,19428,0.00947086679019971
273,7437,0.036708350141186
622,12578,0.0494514231197329
712,12456,0.0571612074502248
1323,33640,0.0393281807372176
128,2118,0.0604343720491029
128,2122,0.060320452403393
1085,29267,0.0370724707007893
2292,59156,0.0387450131854757
2095,31597,0.0663037630154762
633,15215,0.0416036805783766
1362,30758,0.0442811626243579
688,14509,0.0474188434764629
909,18253,0.0498000328713088
4228,71357,0.0592513698726124
235,10572,0.0222285281876655
2184,36077,0.0605371843556837
256,2497,0.10252302763316
1144,25881,0.0442023105753255
265,14721,0.0180014944636913
946,12117,0.0780721300651977
1212,15731,0.0770453245184667
506,11600,0.0436206896551724
437,11177,0.039098147982464
880,20490,0.0429477794045876
140,17858,0.00783962369806249
845,35441,0.0238424423690076
422,15919,0.0265092028393743
323,11675,0.0276659528907923
1462,34667,0.042172671416621
1213,40213,0.0301643747046975
891,54512,0.0163450249486352
1350,22984,0.0587365123564219
268,7063,0.0379442163386663
229,10183,0.0224884611607581
170,6150,0.0276422764227642
2141,27106,0.0789862023168302
580,38545,0.0150473472564535
1616,14402,0.112206637966949
98,4656,0.0210481099656357
896,28596,0.0313330535739264
103,6300,0.0163492063492064
761,31768,0.0239549231931503
1983,28280,0.0701202263083451
116,3226,0.0359578425294482
414,31169,0.0132824280535147
233,4001,0.0582354411397151
779,28924,0.0269326510856037
1662,24006,0.0692326918270432
977,52848,0.0184869815319407
1505,31096,0.0483985078466684
1657,40215,0.0412035310207634
418,29751,0.0140499479009109
410,23361,0.017550618552288
467,22266,0.0209736818467619
323,15333,0.0210656753407683
437,20605,0.0212084445522931
1245,22662,0.0549377813079163
537,14530,0.0369580178940124
672,10484,0.064097672644029
765,17873,0.0428019918312538
324,16108,0.0201142289545567
963,14591,0.0659995887876088
1026,14593,0.0703076817652299
393,9721,0.0404279395123958
349,9669,0.0360947357534388
824,9415,0.0875199150292087
858,7633,0.112406655312459
557,9839,0.0566114442524647
1188,14016,0.0847602739726028
557,9839,0.0566114442524647
625,9342,0.0669021622778848
1030,14238,0.0723416210141874
634,10115,0.0626791893227879
510,22331,0.0228382069768483
1537,31544,0.0487255896525488
89,3508,0.0253705815279361
10265,82515,0.124401623947161
898,10500,0.0855238095238095
1562,27718,0.0563532722418645
4373,28347,0.154266765442551
4065,35682,0.113922986379687
2149,12512,0.171755115089514
1987,15612,0.127273891878043
2901,26380,0.109969673995451
1047,15213,0.0688227174127391
1143,33849,0.0337676149960117
466,6566,0.07097167225099
1494,14860,0.100538358008075
2196,19190,0.114434601354872
1083,10484,0.103300267073636
570,6499,0.087705800892445
587,10496,0.0559260670731707
416,10155,0.0409650418513048
1687,32599,0.0517500536826283
2273,23462,0.0968800613758418
687,20520,0.0334795321637427
918,26485,0.03466112894091
2429,23613,0.102867064752467
2615,15291,0.171015630109215
943,14505,0.0650120648052396
1113,9466,0.117578702725544
626,6783,0.0922895473979065
939,7089,0.13245873889124
886,7722,0.114737114737115
1256,13132,0.0956442278403899
620,15803,0.0392330570144909
745,11971,0.0622337315178348
1277,13355,0.0956196181205541
556,18474,0.0300963516293169
78,3880,0.0201030927835052
92,3847,0.0239147387574734
481,7203,0.0667777315007636
472,6598,0.0715368293422249
624,14754,0.0422936152907686
216,12949,0.0166808247741138
2498,50392,0.049571360533418
611,14301,0.0427242850150339
77,18607,0.00413822754877197
1308,33035,0.0395943696079915
614,20119,0.0305184154282022
609,19517,0.0312035661218425
276,4160,0.0663461538461539
1297,8514,0.152337326755931
612,5072,0.120662460567823
264,23546,0.0112120954726918
760,31976,0.0237678258694021
253,16474,0.0153575330824329
372,11209,0.0331876170934071
400,9895,0.0404244567963618
235,37540,0.00625998934469899
206,14212,0.014494793132564
1525,41056,0.037144388152767
479,59371,0.00806791194354146
1152,30913,0.0372658751981367
549,188563,0.00291149377131251
501,93069,0.005383102859169
1002,22941,0.0436772590558389
1514,27032,0.0560076945841965
279,15150,0.0184158415841584
262,12156,0.0215531424810793
240,15744,0.0152439024390244
850,62464,0.0136078381147541
635,72571,0.00875005167353351
476,37594,0.012661594935362
45,288,0.15625
48,2506,0.0191540303272147
66,2509,0.0263053009166999
66,2509,0.0263053009166999
76,2460,0.0308943089430894
83,2472,0.0335760517799353
152,24558,0.00618942910660477
153,1742,0.0878300803673938
147,1725,0.0852173913043478
181,1688,0.107227488151659
134,1733,0.0773225620311598
256,4002,0.063968015992004
444,6823,0.0650740143631833
470,6785,0.0692704495210022
200,2780,0.0719424460431655
2383,19827,0.120189640389368
766,10212,0.0750097924010967
1990,89730,0.0221776440432408
1364,13007,0.104866610286769
1337,12435,0.107519099316446
883,16194,0.0545263677905397
244,5979,0.040809499916374
333,9887,0.0336805906746232
536,12343,0.0434254233168598
965,7338,0.131507222676479
508,13173,0.0385637288392925
518,13475,0.0384415584415584
494,9378,0.0526764768607379
636,10014,0.0635110844817256
1285,21767,0.0590343180043185
682,10622,0.0642063641498776
958,17331,0.0552766718596734
1646,32687,0.050356410805519
1373,26147,0.0525108042987723
61,2333,0.0261465923703386
1276,18317,0.0696620625648305
1162,30303,0.0383460383460383
1264,17800,0.0710112359550562
19,19422,0.000978272062609412
325,3330,0.0975975975975976
336,3323,0.101113451700271
1226,78767,0.0155648939276601
580,14216,0.0407990996060777
457,3221,0.141881403290903
474,3212,0.147571606475716
99,1089,0.0909090909090909
719,9285,0.0774367259019925
656,9082,0.072230786170447
752,10027,0.0749975067318241
200,34702,0.00576335657887154
1000,6152,0.162548764629389
298,3521,0.084635046861687
312,3497,0.0892193308550186
318,3511,0.0905724864710909
359,3476,0.103279631760644
277,3480,0.0795977011494253
306,3507,0.0872540633019675
340,3456,0.0983796296296296
334,3501,0.0954013139103113
329,3505,0.0938659058487874
329,3504,0.0938926940639269
330,3505,0.094151212553495
118,2479,0.0475998386446148
119,2479,0.0480032271077047
115,2477,0.0464271295922487
1210,48249,0.0250782399635226
1391,22731,0.0611939641898729
1365,10770,0.126740947075209
668,5530,0.120795660036166
737,5385,0.13686165273909
193,2273,0.0849098108227013
591,4659,0.126851255634256
298,18156,0.016413306895792
426,9651,0.0441405035747591
31,4666,0.00664380625803686
261,4607,0.0566529194703712
123,3620,0.0339779005524862
135,3569,0.0378257214906136
45,7265,0.00619408121128699
83,11979,0.006928792052759
704,19741,0.0356618205764652
308,14843,0.0207505221316445
399,12045,0.0331257783312578
284,32756,0.00867016729759433
156,19788,0.007883565797453
358,15953,0.0224409202030966
133,6337,0.0209878491399716
1661,112362,0.0147825777398053
511,14281,0.0357818079966389
513,7289,0.0703800246947455
276,13571,0.0203374843416108
129,9688,0.0133154417836499
287,11003,0.0260837953285468
301,14138,0.0212901400480973
605,6674,0.0906502846868445
171,10257,0.0166715413863703
299,10857,0.0275398360504743
319,13253,0.0240700218818381
400,12086,0.0330961442991891
114,12200,0.00934426229508197
847,10442,0.0811147289791228
173,12552,0.0137826641172721
495,10864,0.0455633284241532
206,5857,0.0351715895509647
386,10807,0.0357175904506339
206,3546,0.0580936266215454
432,7397,0.0584020548871164
61,6501,0.00938317181972004
60,6257,0.00958926002876778
687,11141,0.0616641235077641
278,10293,0.0270086466530652
300,7731,0.0388048117966628
510,8279,0.0616016427104723
305,9991,0.0305274747272545
824,19369,0.0425422066188239
175,13339,0.013119424244696
1132,42804,0.0264461265302308
216,29861,0.00723351528749874
1567,20468,0.0765585303888997
542,8796,0.061618917689859
773,15243,0.0507118021386866
1257,13148,0.0956038941283845
146,21515,0.00678596328143156
310,90260,0.00343452249058276
53,366,0.144808743169399
65,24906,0.00260981289649081
888,10654,0.0833489769100807
1019,11080,0.0919675090252708
1430,11183,0.127872663864795
124,5276,0.023502653525398
110,5298,0.0207625519063798
746,11733,0.0635813517429472
1044,10995,0.0949522510231924
701,13094,0.053535970673591
860,9838,0.0874161414921732
751,10121,0.074202153937358
1619,13715,0.118045935107546
754,26822,0.0281112519573484
690,22608,0.03052016985138
99,5326,0.0185880585805483
67,2361,0.0283778060144007
53,4301,0.0123227156475238
7719,30224,0.255393065113817
3281,13446,0.244013089394616
1457,17044,0.0854846280215912
99,906,0.109271523178808
556,3822,0.145473574045003
450,3879,0.116009280742459
513,3882,0.132148377125193
583,3797,0.153542270213326
323,2419,0.133526250516742
562,3744,0.150106837606838
970,7551,0.128459806648126
874,7346,0.118976313640076
871,7357,0.118390648362104
869,7351,0.118215208815127
900,7309,0.123135859898755
870,7331,0.118674123584777
880,7326,0.12012012012012
420,3997,0.10507880910683
857,7331,0.116900832082935
869,7139,0.121725731895223
605,4967,0.121803905778136
904,7070,0.127864214992928
842,7120,0.118258426966292
309,2247,0.137516688918558
315,3292,0.0956865127582017
324,3353,0.0966298836862511
312,3260,0.0957055214723926
348,3188,0.109159347553325
385,5246,0.0733892489515822
220,12946,0.0169936659972192
240,7364,0.0325909831613254
107,9725,0.0110025706940874
45,4206,0.0106990014265335
22,2565,0.00857699805068226
39,3529,0.011051289317087
301,2155,0.139675174013921
304,2157,0.140936485859991
303,2160,0.140277777777778
307,2150,0.142790697674419
306,2148,0.142458100558659
302,2159,0.139879573876795
311,2146,0.144920782851817
307,2144,0.143190298507463
290,2159,0.134321445113478
288,2160,0.133333333333333
298,2148,0.138733705772812
302,2157,0.140009272137228
304,2157,0.140936485859991
313,2137,0.14646700982686
307,2151,0.142724314272431
302,2160,0.139814814814815
304,2156,0.14100185528757
98,1678,0.0584028605482718
133,1460,0.0910958904109589
135,1460,0.0924657534246575
135,1458,0.0925925925925926
137,1443,0.0949410949410949
50,10063,0.00496869720759217
23,6839,0.00336306477555198
4,5299,0.000754859407435365
11,4405,0.00249716231555051
612,3569,0.171476604090782
129,1013,0.127344521224087
